region,x,y,z
AK_10_01,-5096.14767299,-2644.83055561,2761.12137134
AL_10_01,129.2925309,-3254.22331754,5475.66936922
AL_10_02,261.318458187,-3373.29214016,5398.35658331
AL_10_03,143.864717073,-3428.9381877,5367.61835902
AL_10_04,220.193973695,-3542.08245541,5291.01195359
AL_10_05,210.060272753,-3322.93976899,5431.72044324
AL_10_06,257.843387018,-3532.57811725,5295.66328549
AL_10_07,238.173141621,-3451.84004782,5349.55276998
AL_10_08,261.09511432,-3511.87049204,5309.25945763
AL_10_09,138.758966709,-3336.12225335,5425.92621217
AL_10_10,141.31716544,-3580.01567307,5268.12663471
AL_10_11,181.105068827,-3571.38198214,5272.76708112
AL_10_12,259.960778892,-3299.86142779,5443.61791007
AL_10_13,257.949961777,-3613.44336664,5240.8138541
AL_10_14,246.546251339,-3558.55723936,5278.78076076
AL_10_15,190.654510883,-3516.5938663,5309.12981919
AL_10_16,182.441904226,-3603.5011416,5250.82236169
AL_10_17,277.946246305,-3421.84376639,5366.87731577
AL_10_18,214.721258263,-3617.10006519,5240.24072917
AL_10_19,101.898787223,-3260.6457547,5472.42605245
AL_10_20,213.864964111,-3403.7234742,5381.31668723
AL_10_21,137.5378439,-3494.47107174,5325.35409811
AL_10_22,203.56068445,-3489.29036849,5326.63653463
AR_10_01,-107.899039259,-3544.32113569,5292.9940945
AR_10_02,-201.732424799,-3750.92802848,5145.82199012
AR_10_03,-279.687700709,-3764.60565356,5132.16913822
AR_10_04,-169.304846841,-3509.29291032,5314.6815651
AR_10_05,-203.710561346,-3590.72690196,5258.78534671
AR_10_06,-35.9016489704,-3739.09492555,5158.24788172
AR_10_07,-125.532857441,-3733.21024458,5161.10683589
AR_10_08,-201.323999178,-3671.62532867,5202.71824081
AR_10_09,-273.808067667,-3681.17759237,5192.64881111
AR_10_10,-52.551344792,-3652.12408216,5220.04492746
AR_10_11,-132.885391699,-3645.96028702,5222.92600543
AR_10_12,-254.329164226,-3620.14393087,5236.364731
AR_10_13,-228.500100108,-3522.63001478,5303.631443
AR_10_14,-95.1060711549,-3673.18054164,5204.64605365
AR_10_15,-146.357394932,-3630.77296551,5233.13559789
AR_10_16,-168.69685697,-3618.27067602,5241.11626331
AR_10_17,-274.786440119,-3733.05696239,5155.42618295
AZ_10_01,-1254.74421595,-3470.56910848,5193.30415206
AZ_10_02,-1145.51782859,-3158.82381872,5412.87926955
AZ_10_03,-1382.96611361,-3464.6868215,5164.59010547
AZ_10_04,-1225.37188374,-3267.85058027,5330.03352068
AZ_10_05,-1483.01805825,-3361.49667169,5204.86681531
AZ_10_06,-1340.02970379,-3236.9563735,5321.28507308
AZ_10_07,-1256.94725615,-3144.04278195,5396.73230581
AZ_10_08,-1387.41192485,-3341.83208093,5243.74746662
AZ_10_09,-1397.76586003,-3152.8110886,5356.83431143
CA_10_01,-2054.85845093,-3304.15498133,5044.77527804
CA_10_02,-1839.79346412,-3387.73149277,5072.28512037
CA_10_03,-2130.28147472,-3463.68424681,4904.53191211
CA_10_04,-2210.13320069,-3458.8616254,4872.49715152
CA_10_05,-2069.40369758,-3323.10136198,5026.35122872
CA_10_06,-2190.1317271,-3575.07753073,4797.06000246
CA_10_07,-2026.10088375,-3437.23256953,4966.88921477
CA_10_08,-1885.43850741,-3313.4302913,5104.50216372
CA_10_09,-2314.93169106,-3449.69812489,4830.14648979
CA_10_10,-1488.11019473,-3138.70858869,5340.75626139
CA_10_11,-1771.65136499,-3231.90039822,5196.70205582
CA_10_12,-1864.75834036,-3255.60718416,5149.11052459
CA_10_13,-2212.04708858,-3379.54878675,4926.98068556
CA_10_14,-1698.76887853,-3165.19739762,5261.68706134
CA_10_15,-1911.71808206,-3345.34560424,5073.81885397
CA_10_16,-2123.64943593,-3305.35992027,5015.41123646
CA_10_17,-1966.22890734,-3310.92634695,5075.56416658
CA_10_18,-1954.17032428,-3229.3612283,5132.45413042
CA_10_19,-2121.22855197,-3351.9002225,4985.45838702
CA_10_20,-2062.09536259,-3482.2425245,4920.50716046
CA_10_21,-1646.44303539,-3128.48967735,5300.1338351
CA_10_22,-2050.2426142,-3451.60350173,4946.97680303
CA_10_23,-1551.07784583,-3181.00690075,5297.64038168
CA_10_24,-2059.96308218,-3385.59078923,4988.38331606
CA_10_25,-1605.72192522,-3266.71238571,5228.7559025
CA_10_26,-1562.70134561,-3101.86526541,5340.97719333
CA_10_27,-2091.53264037,-3291.9039097,5037.7078978
CA_10_28,-2032.60356606,-3347.93937035,5024.88464701
CA_10_29,-1867.06422649,-3182.31594299,5193.89809422
CA_10_30,-2070.14375973,-3271.83811722,5059.56728869
CA_10_31,-1812.86166575,-3138.34461764,5239.65329405
CA_10_32,-2024.38455865,-3279.88585784,5072.85490806
CA_10_33,-2033.50597494,-3256.21448153,5084.4431062
CA_10_34,-2206.40500157,-3526.00602531,4825.83666099
CA_10_35,-2086.83802129,-3350.99103168,5000.56068641
CA_10_36,-2154.87322884,-3332.48188516,4984.0472362
CA_10_37,-1999.50583884,-3328.93530007,5050.72343021
CA_10_38,-2102.4202628,-3429.53945662,4940.4179129
CA_10_39,-1813.21678873,-3299.16457188,5139.78589095
CA_10_40,-1752.4232208,-3151.5748746,5252.25948188
CA_10_41,-2104.23824192,-3380.94601812,4973.02990578
CO_10_01,-1184.10227609,-3722.43177136,5032.9955799
CO_10_02,-1003.56692181,-3781.03840673,5028.54283071
CO_10_03,-951.811334774,-3950.7007258,4906.69542138
CO_10_04,-1156.77723338,-3924.0243976,4884.00859534
CO_10_05,-1010.42892535,-3865.53326994,4962.49200763
CO_10_06,-1265.91710319,-3913.42483513,4865.40861055
CO_10_07,-1106.80622674,-4001.3233351,4832.60101234
CO_10_08,-1247.30745041,-3776.41844451,4977.20090574
CT_10_01,1201.68192578,-4027.04376244,4788.37342786
CT_10_02,1260.58057878,-4055.55524583,4749.00508027
CT_10_03,1224.0369104,-4065.6122958,4749.96540011
CT_10_04,1265.99777724,-4024.34673937,4774.04691528
CT_10_05,1236.60013451,-4028.63891127,4778.13034878
CT_10_06,1296.97628096,-4015.831653,4772.9015977
CT_10_07,1289.76852469,-4050.4795535,4745.49823932
CT_10_08,1313.74941066,-4040.54908308,4747.3852375
DC_10_01,898.960817009,-3898.67825928,4958.00547399
DE_10_01,1001.06604793,-3890.16974841,4945.10738976
DE_10_02,1006.19396155,-3933.04209764,4910.02999685
DE_10_03,1004.06293837,-3851.62633075,4974.58271859
FL_10_01,419.691734327,-3126.28407501,5535.32724692
FL_10_02,446.594419939,-3199.71284119,5491.08660996
FL_10_03,234.261456042,-3233.78639745,5484.28556021
FL_10_04,400.086793091,-3134.00433304,5532.41252967
FL_10_05,484.927913949,-2977.12877591,5611.70118324
FL_10_06,463.90839293,-2769.59578111,5718.72094198
FL_10_07,291.555502391,-3205.43465283,5498.16561004
FL_10_08,406.680663494,-2854.1582163,5681.37595255
FL_10_09,403.488704879,-3047.83595098,5580.10160131
FL_10_10,451.265128835,-3151.95923167,5518.25640809
FL_10_11,422.739449244,-2773.09725631,5720.21537751
FL_10_12,438.56540938,-2869.69089876,5671.17056058
FL_10_13,465.012772585,-3183.19164666,5499.15403148
FL_10_14,149.530510092,-3249.72649752,5477.82432338
FL_10_15,473.601267047,-3069.3011651,5562.79904345
FL_10_16,374.669508844,-3184.16526295,5505.48411471
FL_10_17,401.825208824,-3018.21416404,5596.29884491
FL_10_18,399.477912414,-2957.24943275,5628.91945137
FL_10_19,482.44138579,-2921.27802415,5641.19012398
FL_10_20,435.448744565,-3032.65894316,5585.9650129
FL_10_21,406.728131055,-2821.60910984,5697.60785406
FL_10_22,322.019452884,-3213.95224358,5491.48936519
FL_10_23,393.981962437,-2912.16169514,5652.76334854
FL_10_24,429.770089635,-3079.35424051,5560.80175258
FL_10_25,481.071197924,-2859.47011964,5672.88657893
FL_10_26,444.535453289,-2714.09684836,5746.79976409
FL_10_27,193.481626187,-3248.22120122,5477.34104181
FL_10_28,458.818836541,-3006.19727781,5598.38407062
FL_10_29,461.091039431,-2961.02098093,5622.22294149
FL_10_30,472.779517925,-2817.94492504,5694.32234132
FL_10_31,400.27515799,-2994.60855672,5609.0766076
FL_10_32,377.950147766,-2960.87795939,5628.49859158
FL_10_33,431.036480474,-2954.42771813,5628.0729749
FL_10_34,460.436895678,-3125.31143284,5532.63656071
FL_10_35,484.206507672,-2889.24297275,5657.51359719
FL_10_36,169.687555668,-3251.34010412,5476.27927162
FL_10_37,389.063202318,-2884.1128313,5667.46539477
FL_10_38,466.488665155,-3025.19807364,5587.50444658
GA_10_01,448.739838953,-3336.83849985,5408.67658331
GA_10_02,428.663576595,-3262.50850354,5455.44927595
GA_10_03,314.371563292,-3284.97856291,5449.74562355
GA_10_04,389.562524909,-3440.16200505,5348.19291146
GA_10_05,420.052473481,-3579.52657961,5253.58795352
GA_10_06,397.142594173,-3548.82947987,5276.14708691
GA_10_07,322.526777062,-3570.37089829,5266.6943263
GA_10_08,380.363699765,-3292.5195976,5440.98145148
GA_10_09,379.151347075,-3430.46122343,5355.16769584
GA_10_10,427.728443686,-3386.82270729,5379.23055166
GA_10_11,493.758256986,-3327.41079415,5410.56200322
GA_10_12,501.04115936,-3387.64576293,5372.37889036
GA_10_13,455.524728671,-3462.1998563,5328.72502355
GA_10_14,349.761506162,-3460.62849375,5337.72969689
GA_10_15,483.877917456,-3263.7757966,5450.07070693
GA_10_16,302.447143595,-3510.93658611,5307.68226382
GA_10_17,296.143722454,-3615.72949341,5237.21683016
GA_10_18,519.434044235,-3337.02094824,5402.2329147
GA_10_19,308.144324597,-3401.73965363,5377.9973414
GA_10_20,345.288318821,-3569.01268407,5266.17180101
GA_10_21,410.957253698,-3534.7406429,5284.54006732
GA_10_22,329.035691805,-3380.50731189,5390.13421241
GA_10_23,346.564706524,-3503.250527,5310.06305511
GA_10_24,336.547857303,-3541.93103509,5284.98827647
GA_10_25,354.095789916,-3282.19267263,5448.98783549
GA_10_26,473.705919353,-3488.94240117,5309.66332485
GA_10_27,320.200969591,-3488.02629675,5321.72762289
GA_10_28,391.150332593,-3608.34086443,5236.07855397
GA_10_29,339.347599755,-3326.47787361,5423.009235
GA_10_30,322.563053759,-3520.4752061,5300.17437445
GA_10_31,426.304348951,-3527.51164313,5288.15347826
GA_10_32,343.220259355,-3608.93011481,5239.03276187
GA_10_33,337.19603008,-3492.58409871,5317.68710538
GA_10_34,298.446925708,-3556.43521407,5277.53152531
GA_10_35,366.836020339,-3564.81895022,5267.55523809
GA_10_36,346.658527105,-3525.99051476,5294.98439614
GA_10_37,370.646150186,-3540.10459033,5283.9305371
GA_10_38,386.826411453,-3570.95601395,5261.96536228
GA_10_39,308.566539114,-3465.28705201,5337.24773063
GA_10_40,357.928115215,-3493.89100977,5315.47308113
GA_10_41,381.06755739,-3389.10655092,5381.2995924
GA_10_42,390.328623577,-3499.28995059,5309.63787911
GA_10_43,383.007983479,-3242.89149521,5470.52105698
GA_10_44,374.130724738,-3504.71852996,5307.22292979
GA_10_45,318.45447493,-3541.29233063,5286.53727656
GA_10_46,483.179687718,-3470.29629642,5321.01700847
GA_10_47,319.325767698,-3622.32017018,5231.29703217
HI_10_01,-1944.67989508,-885.993384657,6001.90609957
HI_10_02,-2160.12931033,-873.739120927,5929.59208641
HI_10_03,-2138.26303849,-880.287674191,5936.54493699
IA_10_01,-291.701189835,-4173.17797302,4805.11571363
IA_10_02,-139.493511275,-4347.80179286,4654.76123236
IA_10_03,-180.316778773,-4253.13267823,4740.04106318
IA_10_04,-173.679064667,-4297.91880625,4699.72025948
IA_10_05,-275.699814093,-4256.92407036,4732.04269547
IA_10_06,-85.8327414137,-4294.47926463,4705.28655728
IA_10_07,-385.459186415,-4273.76330445,4709.14105046
IA_10_08,-263.708554521,-4301.4803992,4692.26652841
IA_10_09,-396.783060239,-4181.54801903,4790.28812992
IA_10_10,-70.2072197671,-4249.48490048,4746.21849759
IA_10_11,-266.767337581,-4353.55501896,4643.81684441
IA_10_12,-417.251089244,-4341.96428876,4643.5857528
IA_10_13,-260.796979743,-4215.14959503,4770.12995912
IA_10_14,-159.441372255,-4185.11212559,4800.94323493
IA_10_15,-100.290824351,-4172.20902314,4813.75680917
IA_10_16,-117.516927188,-4233.90747635,4759.18672186
IA_10_17,-119.386607806,-4267.55821105,4728.98876644
IA_10_18,-460.541798876,-4284.82527386,4692.31442084
IA_10_19,-46.182862027,-4232.77334952,4761.42183753
ID_10_01,-1928.43204613,-3900.21711061,4653.93353343
ID_10_02,-1898.08341496,-4091.18170335,4499.90584568
ID_10_03,-2096.59909124,-4222.08645845,4285.7787143
ID_10_04,-1630.39379848,-4033.70177442,4654.10647245
ID_10_05,-1815.37208573,-3967.93507944,4642.14997558
ID_10_06,-1611.94354613,-4068.63782514,4630.06104192
ID_10_07,-1747.79677148,-3916.43753609,4711.30178098
IL_10_01,-53.0950115553,-4091.1862268,4883.54555394
IL_10_02,95.9238436135,-3896.48875476,5039.62449
IL_10_03,55.9105718896,-4007.52996723,4952.39523561
IL_10_04,27.1313393277,-4187.33355315,4801.57709561
IL_10_05,-17.4943001968,-4047.53594508,4920.03940256
IL_10_06,13.6167746241,-4260.01714376,4737.26814929
IL_10_07,128.744319507,-4105.3452839,4870.23674991
IL_10_08,67.4044893239,-4077.0793732,4895.15284944
IL_10_09,132.205859799,-3993.08550038,4962.60322788
IL_10_10,136.817913747,-4057.57916168,4909.88525377
IL_10_11,161.585022401,-4247.00988261,4746.20251754
IL_10_12,90.8854194882,-4253.44541877,4742.31830543
IL_10_13,141.525526431,-4248.73523676,4745.29876965
IL_10_14,138.953298201,-4146.43621944,4835.01806191
IL_10_15,56.1196619576,-3912.43011537,5027.8605963
IL_10_16,-43.8603446898,-4161.40246672,4823.94514689
IL_10_17,115.464369602,-4213.22119995,4777.55963852
IL_10_18,40.7912202858,-3951.04393287,4997.72237293
IL_10_19,116.366961387,-4256.53343185,4738.98964694
IL_10_20,156.147826045,-4188.67607736,4797.94243143
IL_10_21,149.441425123,-4286.807549,4710.6888348
IL_10_22,81.2587047378,-4207.91736231,4782.93523841
IL_10_23,115.737488378,-4288.158359,4710.40802075
IL_10_24,82.7815736616,-4136.27076959,4845.0028206
IL_10_25,73.5266796956,-4082.84526677,4890.25657353
IL_10_26,6.23807743515,-3994.72089117,4963.04413521
IL_10_27,39.6257010132,-4277.1418765,4721.66582597
IL_10_28,17.1374313762,-4162.28509864,4823.35257535
IL_10_29,-41.4935377959,-4219.05866546,4773.62160877
IL_10_30,4.6365915125,-3963.60777921,4987.92871587
IL_10_31,23.8896871302,-4074.78187337,4897.47107876
IL_10_32,34.7805773775,-4138.32252559,4843.8329849
IL_10_33,148.260885536,-4214.62622077,4775.41469708
IL_10_34,71.4671133436,-4289.6543104,4709.92562032
IN_10_01,342.331671767,-4154.78685534,4817.69615202
IN_10_02,360.351389512,-4172.98315954,4800.62489956
IN_10_03,280.806993561,-4002.63929093,4948.70358165
IN_10_04,228.144578679,-4127.79740248,4847.5643013
IN_10_05,347.613694049,-4099.32662746,4864.59935875
IN_10_06,266.643937112,-4092.48079495,4875.46335785
IN_10_07,242.432335309,-4043.95097566,4917.04464788
IN_10_08,274.70114342,-4134.24180548,4839.6513279
IN_10_09,296.154573309,-3952.73648277,4987.7658091
IN_10_10,191.822715474,-4068.91005026,4898.65451412
IN_10_11,207.929423273,-3945.45143686,4997.981524
IN_10_12,223.756845651,-3991.0244844,4960.97746809
IN_10_13,343.715930832,-4006.91968285,4941.26451569
IN_10_14,309.738652681,-3995.09697567,4953.07007038
IN_10_15,351.553209365,-4208.75608625,4769.95005712
IN_10_16,330.336185152,-4102.10911699,4863.45759693
IN_10_17,304.964196268,-4219.20051306,4763.92536356
IN_10_18,341.474516829,-4055.59123332,4901.55239721
IN_10_19,269.786009991,-3947.70675386,4993.24222268
IN_10_20,228.53206558,-4178.68660783,4803.74773781
IN_10_21,165.420469861,-3932.41958429,5009.82567373
IN_10_22,302.585133404,-4145.23006746,4828.57649053
IN_10_23,298.091864194,-4054.47438752,4905.30525874
IN_10_24,247.441443972,-4068.66568188,4896.36327297
IN_10_25,274.697420773,-4041.85681875,4917.06983718
IN_10_26,289.730915725,-4193.72623857,4787.31210936
IN_10_27,191.888302248,-4210.71472714,4777.31110209
IN_10_28,239.92397559,-4218.97025423,4767.84725844
IN_10_29,306.582675207,-4098.56100345,4868.00223544
IN_10_30,273.76226461,-4067.61241706,4895.83746126
IN_10_31,242.84525796,-4015.73769754,4940.09290654
IN_10_32,215.099379269,-4213.12759255,4774.1940834
IN_10_33,273.541057559,-4222.99424816,4762.47161355
IN_10_34,223.242874303,-4123.32425256,4851.59774995
IN_10_35,164.748376906,-3921.46349176,5018.42834512
IN_10_36,183.45061199,-4042.22709931,4921.01482934
KS_10_01,-347.446358224,-3925.9605224,5005.5724952
KS_10_02,-368.36675849,-4027.88503364,4922.40683884
KS_10_03,-516.851574755,-3870.36481912,5034.16146111
KS_10_04,-351.191373607,-3846.39520272,5066.70993482
KS_10_05,-724.654997106,-3959.24545437,4938.51106784
KS_10_06,-728.814550017,-3820.46457882,5046.04010623
KS_10_07,-525.652398378,-4007.39609596,4924.84589466
KS_10_08,-368.63754718,-3982.0094039,4959.57139943
KS_10_09,-460.233604491,-4005.85196352,4932.64392346
KS_10_10,-485.763567126,-3873.78912538,5034.62337906
KS_10_11,-336.17907688,-3984.95463243,4959.51219433
KS_10_12,-546.420460929,-3900.14384474,5007.98798623
KS_10_13,-408.271528534,-4001.09825351,4941.06953247
KS_10_14,-333.992088808,-4005.23024919,4943.30061149
KY_10_01,319.413793039,-3830.50108999,5080.83430436
KY_10_02,251.638800252,-3824.38220138,5089.24549339
KY_10_03,349.759544428,-3907.93221785,5019.4994812
KY_10_04,86.8089623743,-3814.25363877,5102.31069057
KY_10_05,438.476321367,-3922.87016575,5000.84684611
KY_10_06,418.106810952,-3794.61631487,5100.56023565
KY_10_07,368.120280651,-3989.63576883,4953.47705062
KY_10_08,392.578712593,-3924.83318629,5003.11976813
KY_10_09,487.195206484,-3916.63089335,5001.22827674
KY_10_10,361.510986947,-3871.79074734,5046.60155106
KY_10_11,452.142664639,-3839.7079873,5063.77829127
KY_10_12,319.792636554,-3931.83176286,5002.80647819
KY_10_13,152.234572683,-3853.66667409,5071.06683055
KY_10_14,369.861784311,-3963.55572927,4974.24056932
KY_10_15,158.908677929,-3820.32882549,5096.02557855
KY_10_16,401.763406794,-3834.94338373,5071.63054732
KY_10_17,204.014004501,-3896.26637367,5036.5789611
KY_10_18,400.77502049,-3878.48013793,5038.49304878
KY_10_19,378.317834023,-3907.70703745,5017.60324517
KY_10_20,498.088942567,-3856.18530907,5046.91819504
KY_10_21,277.798761047,-3885.37887009,5041.45811093
KY_10_22,175.423333971,-3883.10263138,5047.80958516
KY_10_23,297.582697456,-3927.75072658,5007.38052958
KY_10_24,381.265446704,-3985.11738249,4956.11915786
KY_10_25,357.722163556,-3810.24246228,5093.49862396
KY_10_26,238.764911077,-3826.35466379,5088.38307365
LA_10_01,-130.412843014,-3183.26988773,5517.193699
LA_10_02,-176.366456714,-3208.26218581,5501.41705564
LA_10_03,-50.6854110284,-3205.33426897,5505.71559502
LA_10_04,-31.7877334355,-3152.6095505,5536.21563544
LA_10_05,-124.956155866,-3333.76797213,5427.70836238
LA_10_06,-190.968886169,-3379.32879399,5397.52802555
LA_10_07,-209.431189676,-3435.07099613,5361.53586469
LA_10_08,-232.211468707,-3423.4231248,5368.04367925
LA_10_09,-107.140002422,-3418.13005297,5375.36500722
LA_10_10,-61.6988231193,-3237.18903542,5486.93369781
LA_10_11,-77.0501842582,-3244.60873541,5482.35518944
LA_10_12,-122.806700246,-3246.41561516,5480.45118289
LA_10_13,-87.9626256667,-3178.04705579,5521.04342382
LA_10_14,15.859093386,-3147.40589707,5539.24413691
LA_10_15,-114.935390137,-3204.11624649,5505.45819483
LA_10_16,-40.5663792327,-3241.91185164,5484.34161181
LA_10_17,4.88821708653,-3189.12427755,5515.35161596
LA_10_18,-128.330530541,-3419.30499114,5374.15348241
LA_10_19,-163.952639726,-3292.15130097,5452.01800653
LA_10_20,-29.3440077315,-3185.43945573,5517.40477064
LA_10_21,3.33788276405,-3229.51627813,5491.79883716
LA_10_22,-13.4376021888,-3256.9734083,5475.54423308
LA_10_23,-46.672168075,-3131.43153242,5548.11673151
MA_10_01,1424.38377332,-3985.82567849,4761.71875765
MA_10_02,1240.8502654,-4110.2344146,4707.00591415
MA_10_03,1282.12736094,-4097.01647286,4707.4670951
MA_10_04,1391.65813905,-4058.32392452,4709.87638348
MA_10_05,1368.51683091,-4060.48714789,4714.79021859
MD_10_01,771.032151645,-3984.12279584,4911.40671996
MD_10_02,928.576604891,-3900.26622194,4951.29375889
MD_10_03,935.083230398,-3940.11645942,4918.40854733
MD_10_04,917.605615084,-3849.44856014,4992.93367851
MD_10_05,968.040053672,-3876.41676375,4962.45226961
MD_10_06,911.027083726,-3953.96569601,4911.80475258
MD_10_07,986.194257087,-3938.12472072,4910.01380562
MD_10_08,892.99311502,-3865.63944398,4984.88073936
MD_10_09,883.579681466,-3952.44626214,4918.03787007
MD_10_10,959.488354191,-3943.15416444,4911.26850555
MD_10_11,911.454594596,-3926.27553347,4933.88811763
MD_10_12,890.853761943,-3921.1632964,4941.71012685
MD_10_13,908.797719003,-3889.88763426,4963.11413316
MD_10_14,985.130715257,-3819.59153637,5002.9870047
MD_10_15,857.279912938,-3969.82513224,4908.68623669
MD_10_16,934.08416945,-3926.11429454,4929.78237964
ME_10_01,1503.8501933,-4176.74592995,4569.77778811
ME_10_02,1698.29991881,-4273.87560628,4409.01414013
ME_10_03,1469.84455274,-4148.69557728,4606.24825621
ME_10_04,1556.46615727,-4258.89489984,4475.36236895
ME_10_05,1615.10341696,-4164.06968879,4543.30337744
ME_10_06,1541.9963107,-4183.20621582,4551.11789934
ME_10_07,1651.58787466,-4225.13329267,4473.27029716
MI_10_01,460.565317089,-4482.45377814,4503.90149932
MI_10_02,318.716934215,-4582.53457563,4414.57103001
MI_10_03,308.234350065,-4300.91771256,4690.06816744
MI_10_04,379.403581759,-4474.37095263,4519.47989269
MI_10_05,452.986166175,-4421.31825711,4564.68940921
MI_10_06,117.675473137,-4623.43049858,4381.74439097
MI_10_07,363.609814477,-4280.97486863,4704.32599603
MI_10_08,443.994189907,-4377.40374321,4607.69428546
MI_10_09,322.550309829,-4461.86250442,4536.230295
MI_10_10,265.738551488,-4251.56150791,4737.43060812
MI_10_11,348.955305251,-4241.96158438,4740.63636145
MI_10_12,296.965724517,-4261.36661152,4726.75437913
MI_10_13,400.76833383,-4379.29754763,4609.85669321
MI_10_14,397.996302394,-4308.38700345,4676.43468593
MI_10_15,479.824696961,-4320.86887464,4657.19888219
MI_10_16,422.506679687,-4233.17996096,4742.50108316
MI_10_17,529.765425431,-4359.29515419,4615.79195292
MI_10_18,422.61370015,-4291.69562513,4689.60417538
MI_10_19,365.449971637,-4367.45332018,4624.0067922
MI_10_20,415.937981632,-4263.55551431,4715.79590015
MI_10_21,333.585102359,-4270.6839138,4715.89025402
MI_10_22,337.120991653,-4334.81810808,4656.75234545
MI_10_23,307.766597645,-4396.41063351,4600.70584399
MI_10_24,457.325791701,-4288.60608136,4689.17391436
MI_10_25,531.59748652,-4287.82512553,4682.05091869
MI_10_26,479.118092891,-4229.81576497,4740.12082625
MI_10_27,293.445021459,-4358.94749449,4637.14435398
MI_10_28,497.219796395,-4288.94728745,4684.79931689
MI_10_29,302.265044115,-4331.47128135,4662.25625443
MI_10_30,453.103449664,-4348.96519535,4633.66377648
MI_10_31,552.796219023,-4305.92089932,4662.94998354
MI_10_32,459.542449682,-4259.56311402,4715.35617049
MI_10_33,500.800156513,-4257.52744221,4712.99270974
MN_10_01,-234.121116012,-4692.1208347,4303.35106349
MN_10_02,-256.533017464,-4519.27275804,4483.30297319
MN_10_03,-423.985965262,-4699.58392293,4280.62937576
MN_10_04,-308.016960178,-4538.83934389,4460.23586401
MN_10_05,-469.857842795,-4554.53815379,4430.01769897
MN_10_06,-309.037737988,-4424.53481814,4573.5793772
MN_10_07,-441.982403228,-4451.99396069,4535.86180667
MN_10_08,-246.018259531,-4569.26307228,4432.93931746
MN_10_09,-521.06965731,-4710.8811462,4257.43188302
MN_10_10,-401.857813812,-4392.07620973,4597.58826619
MN_10_11,-358.485483116,-4588.20933699,4405.61735043
MN_10_12,-239.773761972,-4472.93687053,4530.45089316
MN_10_13,-234.874843318,-4403.88771538,4597.85252028
MN_10_14,-147.47969473,-4413.48589876,4592.27971285
MN_10_15,-245.594261144,-4449.5543409,4553.10779867
MN_10_16,-273.334422476,-4497.28574719,4504.37012263
MN_10_17,-366.373276705,-4481.41469639,4513.57219297
MN_10_18,-185.783907077,-4422.04615874,4582.64477238
MN_10_19,-243.674806242,-4500.19535401,4503.16614889
MN_10_20,-287.198695061,-4474.93273302,4525.71927372
MN_10_21,-365.765611514,-4533.48422251,4461.32013217
MN_10_22,-226.675752905,-4502.40061547,4501.84937563
MN_10_23,-312.45771991,-4507.94268776,4491.15396053
MO_10_01,-149.103196851,-4091.06469984,4881.65943696
MO_10_02,-332.787243217,-4069.05290337,4890.98171335
MO_10_03,-288.557093339,-4102.88286894,4865.46277014
MO_10_04,-93.8538448898,-4016.69593555,4944.38936747
MO_10_05,-243.225483107,-3797.94414425,5109.41314062
MO_10_06,-271.486913753,-3891.82979623,5036.82406808
MO_10_07,-300.442947717,-3948.62294608,4990.76666103
MO_10_08,-211.702634206,-3903.0859135,5030.97836872
MO_10_09,14.3963218093,-3858.62103328,5069.56383404
MO_10_10,-161.805420629,-4005.27107465,4951.89495289
MO_10_11,-46.3392257938,-3843.25704145,5081.03030787
MO_10_12,-278.029547535,-4016.69168727,4937.46174265
MO_10_13,-145.568106033,-3975.54949844,4976.28949238
MO_10_14,-178.115541041,-3929.59713457,5011.60475437
MO_10_15,-213.857479911,-4019.46742263,4938.39929701
MO_10_16,-211.523446376,-3843.94854903,5076.31346392
MO_10_17,-324.42565956,-4026.23528461,4926.84670194
MO_10_18,-109.101802066,-3918.89359025,5021.95288957
MO_10_19,-132.443868183,-3830.7379106,5088.96322271
MO_10_20,14.3718791999,-3796.73149015,5116.07901041
MO_10_21,-74.5724776505,-3957.54991953,4992.18174549
MO_10_22,-304.302080283,-3998.42507451,4950.72097451
MO_10_23,-290.788756505,-3828.00543812,5084.4328361
MO_10_24,-37.0677976191,-3945.1629811,5002.39502948
MO_10_25,-28.6125579277,-3910.18380205,5029.83945626
MO_10_26,-47.3716571985,-3990.26633727,4966.40428114
MO_10_27,-31.2400373455,-3978.09891526,4976.28315919
MO_10_28,-16.7943867937,-3978.92746985,4975.69041825
MS_10_01,-45.2784943849,-3322.19114555,5436.04974687
MS_10_02,70.9166793825,-3632.65528084,5233.39540214
MS_10_03,7.690826525,-3512.04637625,5315.55379074
MS_10_04,-48.7855593005,-3501.66927186,5322.17749419
MS_10_05,67.333655125,-3569.41716933,5276.77631231
MS_10_06,69.7045149034,-3502.20711065,5321.5907053
MS_10_07,70.9849139275,-3401.64118728,5386.41247724
MS_10_08,-13.5327350826,-3592.50259171,5261.50007066
MS_10_09,54.57202501,-3331.25767967,5430.41298298
MS_10_10,0.649149633653,-3643.40207651,5226.4004714
MS_10_11,36.2257752152,-3300.49879596,5449.31522222
MS_10_12,41.6515029735,-3254.60578806,5476.80995805
MS_10_13,50.3659994359,-3234.84435776,5488.43203904
MS_10_14,77.2365739281,-3237.39930097,5486.61291488
MS_10_15,46.9230567745,-3418.13380226,5376.22549161
MS_10_16,68.8464516631,-3592.74881901,5260.89888609
MS_10_17,-24.9626688805,-3413.23840791,5379.4815211
MS_10_18,4.10295359828,-3387.30421536,5395.90532889
MT_10_01,-1757.42925067,-4232.53227131,4425.69248832
MT_10_02,-1310.06475582,-4467.85305987,4348.75388715
MT_10_03,-1639.13959251,-4421.60316255,4283.95703401
MT_10_04,-1564.08533354,-4269.298258,4462.77609271
MT_10_05,-1955.35937882,-4350.40170335,4223.76795281
MT_10_06,-1930.47249241,-4248.42343263,4337.48951505
NC_10_01,689.632301877,-3684.1896306,5151.77591263
NC_10_02,558.251991675,-3697.12696224,5158.4152546
NC_10_03,591.209497223,-3726.95426283,5133.21772898
NC_10_04,613.226686483,-3600.71215151,5220.00632499
NC_10_05,531.901541867,-3721.40485941,5143.72118433
NC_10_06,839.184480962,-3576.99956693,5204.85201568
NC_10_07,867.392326851,-3624.94544771,5166.91804197
NC_10_08,702.40270713,-3539.7091047,5250.40292655
NC_10_09,726.911482303,-3494.89921123,5277.01811634
NC_10_10,482.360171257,-3677.83671772,5179.81531939
NC_10_11,526.488767783,-3681.43135105,5172.95986693
NC_10_12,615.300153147,-3634.10037028,5196.57206438
NC_10_13,887.75591354,-3669.35532347,5131.99395441
NC_10_14,723.030770632,-3706.8509654,5130.89889055
NC_10_15,567.309295104,-3670.37654206,5176.49854663
NC_10_16,693.3769615,-3646.70717527,5177.8756423
NC_10_17,531.731949286,-3649.92308227,5194.7053456
NC_10_18,818.223549494,-3573.70258631,5210.45113668
NC_10_19,708.913298718,-3588.91394191,5216.01185318
NC_10_20,633.664613679,-3671.59706519,5167.92851617
NC_10_21,601.562521923,-3689.60819513,5158.92962723
NC_10_22,748.48947149,-3573.2399058,5221.2413358
NC_10_23,722.877823746,-3676.99207709,5152.36042188
NC_10_24,790.138953442,-3654.58579389,5158.42263772
NC_10_25,635.891039813,-3701.86795947,5146.013719
NC_10_26,799.025490855,-3686.52335004,5134.27159922
NC_10_27,564.703790082,-3637.27347921,5200.0954094
NC_10_28,426.057471771,-3664.34584761,5194.29355542
NC_10_29,782.719174672,-3625.77408669,5179.84111396
NC_10_30,665.430539471,-3691.85819769,5149.46854009
NC_10_31,711.794311376,-3618.23545117,5195.3211718
NC_10_32,471.388594069,-3648.16263719,5201.76346694
NC_10_33,664.977006798,-3589.70573508,5221.25074249
NC_10_34,746.296029692,-3624.86470743,5185.8498907
NC_10_35,791.795257744,-3562.01708524,5222.52195345
NC_10_36,585.962982597,-3629.5481413,5203.14027036
NC_10_37,661.326952842,-3623.04146054,5198.64003723
NC_10_38,755.32875652,-3527.08270868,5251.55282138
NC_10_39,707.655713186,-3682.23486622,5150.72915048
NC_10_40,810.233930583,-3618.1290394,5180.95591875
NC_10_41,658.222204555,-3659.52351081,5173.41977837
NC_10_42,657.938326502,-3722.80739015,5128.10523433
NC_10_43,611.443601028,-3661.34498506,5177.86931306
NC_10_44,733.00243632,-3652.55484007,5168.287102
NC_10_45,766.083295531,-3606.27784361,5195.91353844
ND_10_01,-1009.59917646,-4587.04583943,4304.57442378
ND_10_02,-728.94022773,-4633.94183303,4311.0173083
ND_10_03,-825.58909276,-4557.4927817,4374.62034863
ND_10_04,-587.396711956,-4617.36449204,4350.23576952
ND_10_05,-657.783469973,-4705.25094191,4244.71147197
NE_10_01,-630.435585701,-4083.45809406,4849.49089764
NE_10_02,-550.119207422,-4235.04784298,4727.72457164
NE_10_03,-792.738690168,-4100.44756997,4811.1886364
NE_10_04,-871.144031369,-4193.4904954,4716.50151506
NE_10_05,-665.404182128,-4165.20972132,4774.71530584
NE_10_06,-494.840368311,-4110.53339441,4842.34336074
NE_10_07,-471.962976752,-4177.44130842,4787.05296224
NE_10_08,-451.14855171,-4180.20910615,4786.6436898
NE_10_09,-484.144258189,-4133.39404546,4823.92982973
NE_10_10,-445.726342965,-4165.57374948,4799.89212012
NH_10_01,1393.78981826,-4143.27909384,4634.67682726
NH_10_02,1328.19165608,-4146.16127922,4651.33255868
NH_10_03,1408.57450651,-4222.94936956,4557.6592108
NJ_10_01,1064.73978628,-3899.85726827,4924.13276371
NJ_10_02,1146.11879434,-4015.50090059,4811.63228298
NJ_10_03,1079.63240285,-3938.91266127,4889.6832128
NJ_10_04,1057.71297798,-3938.52832755,4894.78077847
NJ_10_05,1033.42887562,-3914.4478349,4919.22391307
NJ_10_06,1129.67658524,-4005.07948136,4824.19010412
NJ_10_07,1043.44127254,-3934.75547206,4900.87448175
NJ_10_08,1141.58294905,-3998.10863925,4827.16859859
NJ_10_09,1078.19731231,-4000.01239791,4840.14797009
NJ_10_10,1086.59657876,-3972.85313751,4860.59531568
NJ_10_11,1109.94722464,-3979.76880965,4849.64930487
NJ_10_12,1118.32811926,-3961.62094972,4862.56544105
NJ_10_13,1110.58401531,-4016.82593199,4818.85396926
NJ_10_14,1105.6201381,-3934.98480033,4887.03793022
NJ_10_15,1131.57928553,-4025.98582127,4806.30913358
NJ_10_16,1098.77699167,-3994.06944653,4840.42760289
NJ_10_17,1106.34889886,-4042.04841273,4798.69542096
NJ_10_18,1122.39103591,-3995.78888885,4833.58567921
NJ_10_19,1078.53904908,-4025.03412502,4819.28364096
NM_10_01,-1049.20819719,-3490.35710126,5225.53446688
NM_10_02,-1061.35093728,-3341.70188006,5319.41761218
NM_10_03,-915.063342664,-3365.49292617,5331.5811391
NM_10_04,-1162.17417018,-3533.67430064,5172.24691359
NM_10_05,-891.960062102,-3582.73100983,5192.11775279
NM_10_06,-986.958734028,-3264.02156608,5381.60911564
NM_10_07,-821.828353368,-3336.25458096,5365.03909852
NM_10_08,-1016.4566671,-3616.029466,5145.94867298
NM_10_09,-1077.97606307,-3557.54852945,5174.11413365
NM_10_10,-1018.12326157,-3558.13182392,5185.82336258
NV_10_01,-1807.92710418,-3629.72293291,4913.8734229
NV_10_02,-1591.19006557,-3410.8746135,5140.39780039
NV_10_03,-1965.65325192,-3497.88514534,4948.8026636
NV_10_04,-2053.92834119,-3607.27569132,4833.0716378
NY_10_01,1190.72390754,-4144.5975738,4689.78981696
NY_10_02,862.275651723,-4196.3808479,4715.56035692
NY_10_03,1158.7754821,-4004.03550279,4818.1511054
NY_10_04,1073.55833326,-4148.10756816,4714.90372204
NY_10_05,790.28372166,-4208.67340439,4717.21960634
NY_10_06,950.589299042,-4178.25323419,4714.68142036
NY_10_07,1217.67216157,-4273.25285924,4565.76669443
NY_10_08,1190.06791252,-4115.95635395,4715.11215731
NY_10_09,1058.30186686,-4195.50086384,4676.26032852
NY_10_10,1188.074608,-4074.03165632,4751.88234167
NY_10_11,845.628384252,-4241.6979769,4677.87899678
NY_10_12,1166.64184113,-4187.2108116,4657.88078784
NY_10_13,889.679838662,-4262.43791531,4650.77776322
NY_10_14,1123.18167175,-4202.90757918,4654.42497126
NY_10_15,1093.38924888,-4281.01819955,4589.88280085
NY_10_16,1147.77080781,-3988.43621038,4833.69835307
NY_10_17,899.412613715,-4227.60768663,4680.60158508
NY_10_18,928.725559146,-4256.79154423,4648.31534911
NY_10_19,1174.73612892,-3989.61635505,4826.24050032
NY_10_20,1150.83508445,-4000.84702124,4822.70077042
NY_10_21,851.226414864,-4277.14946813,4644.46412602
NY_10_22,1023.73018911,-4219.8837746,4661.99511248
NY_10_23,956.56911325,-4219.71551757,4676.38936385
NY_10_24,1139.30433816,-4056.24930354,4778.96099718
NY_10_25,1049.0854955,-4252.33120282,4626.74183034
NY_10_26,1175.35664826,-4033.44644014,4789.51851066
NY_10_27,1158.17624479,-3991.04234746,4829.06303198
NY_10_28,1226.57855927,-4143.26121721,4681.72324299
NY_10_29,1131.97621104,-3986.6107334,4838.92609139
NY_10_30,1153.49628831,-4030.6152183,4797.21046806
NY_10_31,1150.07434804,-4313.73824163,4545.17682568
NY_10_32,1209.74245106,-4182.07465275,4651.49608201
NY_10_33,1188.99142189,-4163.59706892,4673.37135763
NY_10_34,981.550993573,-4233.98307481,4658.28143946
NY_10_35,1229.88443115,-3983.41874931,4817.61355379
NY_10_36,1135.30864954,-4092.8143518,4748.64043195
NY_10_37,1005.6912124,-4181.11659888,4700.69039311
NY_10_38,1233.48711539,-4203.30077606,4626.05805434
OH_10_01,447.443998782,-3994.41790702,4943.08208024
OH_10_02,427.76917691,-4138.31621658,4825.03817839
OH_10_03,549.608780181,-4144.16001846,4807.65108241
OH_10_04,681.418545909,-4183.76245634,4756.20031898
OH_10_05,549.992806126,-3978.87851136,4945.26791034
OH_10_06,399.302595087,-4130.73430324,4833.96654452
OH_10_07,650.728361199,-4057.77471747,4868.332152
OH_10_08,382.939174073,-4028.86072017,4920.49589842
OH_10_09,451.232888825,-4104.45578245,4851.74943808
OH_10_10,442.736376978,-4063.89635964,4886.55009987
OH_10_11,418.688628979,-3985.91793728,4952.45383918
OH_10_12,666.845147419,-4106.40055408,4825.1873579
OH_10_13,589.547069082,-4077.09001209,4859.98068789
OH_10_14,500.63105604,-4146.07861091,4811.34510276
OH_10_15,611.998229814,-4170.57061464,4777.17907504
OH_10_16,392.750931965,-4082.47376306,4875.32518703
OH_10_17,409.23368641,-4187.68343261,4783.87669763
OH_10_18,501.822070311,-4088.1452022,4860.54363374
OH_10_19,517.51097919,-4177.43709343,4782.34698833
OH_10_20,522.550782478,-4039.77607427,4898.65195227
OH_10_21,478.615110842,-4016.708549,4922.05455151
OH_10_22,498.107977699,-4061.76652239,4882.98906
OH_10_23,464.549917841,-4196.0249601,4771.4996498
OH_10_24,433.287757995,-4045.77085856,4902.41174105
OH_10_25,383.268977964,-4007.64172552,4937.76808795
OH_10_26,445.806652769,-4156.49892601,4807.74522062
OH_10_27,623.688656255,-4079.57502236,4853.62968272
OH_10_28,514.229079793,-3994.25076113,4936.71655158
OH_10_29,522.074670655,-4103.93055785,4845.08338572
OH_10_30,647.105427839,-4177.61862786,4766.38208345
OH_10_31,499.184355269,-3953.13178458,4971.2377808
OH_10_32,536.936906699,-4067.29818944,4874.26150267
OH_10_33,574.468069349,-4165.16448344,4786.54700835
OH_10_34,480.229713901,-4060.27925687,4886.01604358
OH_10_35,673.203184004,-4141.68157399,4794.04966732
OH_10_36,590.852844079,-4147.57704306,4799.80609905
OH_10_37,412.609388263,-4078.75267229,4876.79927114
OH_10_38,602.652329934,-4017.73058771,4907.57497078
OH_10_39,405.60462016,-4053.97740122,4897.9988896
OH_10_40,564.745848551,-4045.34239054,4889.36683731
OH_10_41,642.188396045,-4144.03014038,4796.27451879
OH_10_42,540.77755004,-4125.45739129,4824.70744751
OH_10_43,632.38427041,-4107.4081194,4828.96776498
OH_10_44,617.820602286,-4144.39015277,4799.16336094
OH_10_45,411.418939758,-4025.10801811,4921.26822055
OH_10_46,588.140698593,-4123.60737138,4820.74618346
OK_10_01,-312.755273672,-3710.79888418,5169.31298917
OK_10_02,-643.264538375,-3736.53972653,5119.97291064
OK_10_03,-596.913244607,-3623.07536893,5206.4057131
OK_10_04,-514.181397068,-3667.84535453,5183.83728006
OK_10_05,-420.739871938,-3570.0769175,5259.95910281
OK_10_06,-324.970182891,-3602.44232891,5244.65867784
OK_10_07,-468.393591906,-3643.34180311,5205.41150619
OK_10_08,-523.139953973,-3578.41852614,5245.0821195
OK_10_09,-352.820505263,-3744.75070716,5142.17860759
OK_10_10,-489.177689538,-3761.17535945,5118.97510284
OK_10_11,-470.750079737,-3658.61783141,5194.47311343
OK_10_12,-477.497328742,-3673.70287846,5183.19828502
OK_10_13,-418.242872053,-3725.76273382,5151.05872139
OR_10_01,-2119.22601504,-4002.16271143,4481.20694997
OR_10_02,-2414.03069245,-3755.08265814,4545.48688772
OR_10_03,-2409.3586842,-3823.32612903,4490.7470472
OR_10_04,-2513.62717576,-3780.28565043,4469.98432016
OR_10_05,-2409.68056902,-3582.5270395,4684.93122325
OR_10_06,-2253.55174551,-3882.02374665,4521.17652396
OR_10_07,-2290.53610987,-3778.21083468,4590.01178845
OR_10_08,-2389.26148617,-3655.78809746,4638.5648575
OR_10_09,-2131.02584163,-3783.21817154,4662.14866009
OR_10_10,-2323.58603321,-3616.18411972,4702.53137773
OR_10_11,-2397.645695,-3713.3914146,4588.20883605
OR_10_12,-2422.20006026,-3788.98744103,4512.88843644
OR_10_13,-2437.52900526,-3838.80948403,4462.24552147
OR_10_14,-2479.88379958,-3766.37571207,4500.4701239
OR_10_15,-2483.68204841,-3810.15211426,4461.35689546
PA_10_01,883.31201477,-3990.50155436,4887.2587643
PA_10_02,718.977011452,-4071.87870735,4846.90796794
PA_10_03,774.617759806,-4083.69797978,4828.35573836
PA_10_04,698.483454086,-4105.80975656,4821.2123068
PA_10_05,805.067257613,-4013.3435361,4882.06732563
PA_10_06,1004.1500805,-4006.8993738,4850.36916369
PA_10_07,850.663240829,-4044.25819707,4848.71000227
PA_10_08,966.622031369,-4128.81461143,4754.80522765
PA_10_09,1059.40267121,-3985.24959003,4856.44856715
PA_10_10,730.432083741,-4107.82323128,4814.75838144
PA_10_11,809.248385487,-4056.96614982,4845.181494
PA_10_12,851.038487647,-4133.17343944,4773.07571824
PA_10_13,1038.91529526,-4028.55576205,4825.04243312
PA_10_14,880.052587351,-4079.11720693,4814.14075985
PA_10_15,1007.0600932,-3967.22674273,4882.27231322
PA_10_16,775.543794717,-4132.33419027,4786.64673466
PA_10_17,923.73288956,-4101.9706778,4786.45955871
PA_10_18,756.729480629,-4174.01253497,4753.37993969
PA_10_19,908.173208243,-4018.15940362,4859.96475614
PA_10_20,944.68997442,-4021.36399626,4850.34364368
PA_10_21,1030.02131985,-3956.19203001,4886.43445698
PA_10_22,737.18027538,-4198.31266209,4735.01605413
PA_10_23,734.362544149,-4021.83257797,4886.2271098
PA_10_24,912.386024008,-4053.6082389,4829.64315335
PA_10_25,1034.88149736,-4090.71930508,4773.32974489
PA_10_26,974.179507185,-3981.65792443,4877.19339996
PA_10_27,965.944366346,-4011.76904599,4854.10152374
PA_10_28,1004.01075925,-4068.85801321,4798.54122246
PA_10_29,711.380050355,-4144.4548694,4786.13343519
PA_10_30,1059.02833347,-4048.63735392,4803.81468891
PA_10_31,1038.65487472,-3979.73823325,4865.44146466
PA_10_32,959.30348741,-4058.71110643,4816.24770683
PA_10_33,1050.29925328,-3958.60530162,4880.15947942
PA_10_34,1065.10441499,-4096.20974038,4761.95961218
PA_10_35,989.47462778,-4035.61238968,4829.53554716
PA_10_36,694.820198268,-4040.67836367,4876.45201488
PA_10_37,753.105888966,-4052.17735387,4858.22305095
PA_10_38,938.756562733,-3979.30561452,4886.05197907
RI_10_01,1360.7377456,-4004.20551309,4764.91049199
RI_10_02,1337.42299863,-4019.07311411,4758.99065204
RI_10_03,1343.67399404,-4034.14800961,4744.45265909
RI_10_04,1329.81160412,-4004.84497698,4773.09740189
SC_10_01,478.4842203,-3539.84595194,5275.43216121
SC_10_02,506.900154901,-3490.38215559,5305.65035042
SC_10_03,545.770179726,-3437.33540811,5336.33780819
SC_10_04,462.545506449,-3580.14564612,5249.59520411
SC_10_05,540.661068442,-3372.14819633,5378.28440593
SC_10_06,600.66327127,-3422.12975623,5340.21278284
SC_10_07,536.229427981,-3580.90016112,5242.06572228
SC_10_08,616.94310392,-3568.77262864,5241.4582066
SC_10_09,609.618315347,-3490.27505297,5294.90194094
SC_10_10,632.786408418,-3520.09938199,5272.39250267
SC_10_11,655.648074654,-3487.60224046,5291.16217995
SC_10_12,568.804552043,-3531.66225767,5271.95069015
SC_10_13,492.487488731,-3592.92849099,5238.12580338
SC_10_14,678.615267607,-3490.08794158,5286.62543392
SC_10_15,529.443562113,-3517.33825962,5285.60896037
SC_10_16,448.284774098,-3608.97445464,5231.05965814
SC_10_17,508.628583281,-3612.14481041,5223.34642092
SC_10_18,559.547330175,-3608.56078344,5220.61652083
SD_10_01,-619.528805719,-4381.45250618,4583.52473485
SD_10_02,-841.939919751,-4353.19911205,4574.97930731
SD_10_03,-655.791508421,-4481.20631584,4480.88924795
SD_10_04,-1013.1605383,-4369.90072182,4524.05950504
SD_10_05,-532.887825445,-4336.39815958,4636.95186163
TN_10_01,392.780177158,-3733.00569471,5147.81829669
TN_10_02,207.44839728,-3698.77467329,5183.21059563
TN_10_03,115.676434389,-3757.2543838,5143.86036532
TN_10_04,300.203113165,-3679.98286412,5192.03671122
TN_10_05,393.532497898,-3695.80723698,5174.53206002
TN_10_06,343.05961332,-3660.16344335,5203.37915875
TN_10_07,384.663918545,-3758.9854494,5129.49345072
TN_10_08,266.719659223,-3740.55839262,5150.41013268
TN_10_09,497.724163121,-3734.40218111,5137.71856053
TN_10_10,182.169396466,-3754.53260823,5143.92264762
TN_10_11,80.1378069651,-3703.33241291,5183.48801208
TN_10_12,300.865572098,-3764.86356518,5130.78193291
TN_10_13,439.608330435,-3727.41035733,5148.08678481
TN_10_14,239.034832256,-3669.33340412,5202.73925143
TN_10_15,53.5940003692,-3754.87008161,5146.62213042
TN_10_16,317.921114952,-3734.08844875,5152.19862016
TN_10_17,211.331540297,-3754.03507786,5143.17028828
TN_10_18,88.4614735245,-3688.12233975,5194.18609358
TN_10_19,27.8649660331,-3695.38085813,5189.703735
TN_10_20,160.785443457,-3680.43724838,5197.90060524
TN_10_21,309.673536873,-3658.31973022,5206.76867664
TN_10_22,484.657228762,-3756.19084937,5123.06340716
TN_10_23,423.05644564,-3709.47504584,5162.40826825
TN_10_24,365.97961196,-3692.75319241,5178.7328357
TN_10_25,158.985800185,-3786.59569355,5121.13830793
TN_10_26,233.623776823,-3723.62597784,5164.26863244
TN_10_27,6.4572532781,-3671.9535296,5206.37653079
TN_10_28,234.125757381,-3779.54457279,5123.46259399
TN_10_29,492.221611908,-3738.97116051,5134.92488218
TN_10_30,202.427666533,-3730.19487137,5160.84394857
TN_10_31,243.372173228,-3750.68288787,5144.19953539
TX_10_01,-338.033938666,-3359.63721645,5402.61157498
TX_10_02,-771.363616011,-3181.14923928,5465.79625392
TX_10_03,-267.580547986,-3313.68709003,5434.84309983
TX_10_04,-389.84628403,-2989.84799759,5612.34975978
TX_10_05,-540.472032539,-3492.17269719,5301.15655636
TX_10_06,-735.049053392,-3618.23846762,5192.07995706
TX_10_07,-484.92477435,-3068.25472019,5562.40073487
TX_10_08,-338.860204548,-3111.65516154,5549.09153983
TX_10_09,-718.298097096,-3457.79861,5302.57650736
TX_10_10,-398.424476521,-3163.71892721,5515.59439101
TX_10_11,-427.855849666,-3257.67591832,5458.39976395
TX_10_12,-464.401769399,-3098.02446712,5547.63160256
TX_10_13,-496.152768829,-3162.88457897,5508.14256988
TX_10_14,-624.46507858,-3254.55318342,5441.28366674
TX_10_15,-398.525265124,-3331.28906681,5416.02545844
TX_10_16,-266.814205346,-3484.08658596,5327.24993232
TX_10_17,-295.673290528,-3093.54268567,5561.67348531
TX_10_18,-356.693780227,-3230.00625172,5479.91516002
TX_10_19,-399.226169962,-2878.57079747,5669.57578917
TX_10_20,-580.376785051,-3379.46123738,5369.54798213
TX_10_21,-362.246528105,-3242.93893351,5471.90693693
TX_10_22,-479.205391867,-3264.62126757,5449.97717167
TX_10_23,-364.316693529,-3034.81125215,5589.88685133
TX_10_24,-368.544490656,-2781.81647027,5719.73015834
TX_10_25,-335.450827026,-3427.84304096,5359.75800099
TX_10_26,-263.614096934,-3175.73982048,5516.77670389
TX_10_27,-281.417174934,-3366.75063292,5401.42902845
TX_10_28,-398.748595726,-3464.88742232,5331.5284589
TX_10_29,-456.571336301,-3134.26979698,5527.88716008
TX_10_30,-408.87787695,-3504.03903555,5305.10794603
TX_10_31,-406.830981243,-3424.69620433,5356.82606221
TX_10_32,-323.829263001,-3494.20477122,5317.45320856
TX_10_33,-431.987955591,-3462.73085944,5330.33980168
TX_10_34,-398.049149555,-3073.57991316,5566.35467716
TX_10_35,-552.606289244,-3069.06558256,5555.63711369
TX_10_36,-441.532158948,-2909.66042344,5650.53683935
TX_10_37,-730.618507762,-3283.48947311,5410.59465088
TX_10_38,-403.457376831,-3385.93428531,5381.66444148
TX_10_39,-938.421550611,-3220.93888297,5416.13872657
TX_10_40,-485.146215096,-3384.50750158,5375.81464726
TX_10_41,-316.003946568,-3124.39567464,5543.27828762
TX_10_42,-270.295299098,-3116.69370699,5550.02718805
TX_10_43,-287.399623108,-3409.31930134,5374.34501666
TX_10_44,-435.315188698,-3115.55532318,5540.16757099
TX_10_45,-237.972686813,-3202.96572013,5502.18325722
TX_10_46,-298.535324239,-3158.06185223,5525.13918356
TX_10_47,-272.317801813,-3427.56411428,5363.51454341
TX_10_48,-446.405384907,-3159.68809115,5514.23017283
TX_10_49,-403.61808821,-2804.05062389,5706.49047467
TX_10_50,-298.195494433,-3263.14530531,5463.75357822
TX_10_51,-371.336593277,-3458.95312042,5337.35828339
TX_10_52,-232.636164031,-3281.75864126,5455.78423654
TX_10_53,-231.107636473,-3165.8343833,5523.92278348
TX_10_54,-437.503579333,-3384.1600242,5380.120124
TX_10_55,-375.966862609,-3412.39015149,5366.92494565
TX_10_56,-722.431247985,-3452.04575425,5305.76235828
TX_10_57,-417.979444543,-3308.04248079,5428.79260326
TX_10_58,-701.203806009,-3289.94899771,5410.5628002
TX_10_59,-308.288584748,-3199.92952624,5500.45908771
TX_10_60,-393.870686825,-2937.787973,5639.49543025
TX_10_61,-468.12238139,-3417.3352578,5356.52146191
TX_10_62,-760.500621069,-3611.80096119,5192.89645786
TX_10_63,-752.718506167,-3572.78620563,5220.9438399
TX_10_64,-313.339257163,-3397.25557615,5380.53102029
TX_10_65,-437.473181303,-3421.1449192,5356.68046998
TX_10_66,-584.811037224,-3354.05694569,5384.97344987
TX_10_67,-603.094001676,-3264.92069579,5437.48208966
TX_10_68,-436.029830572,-3188.1177748,5498.67475314
TX_10_69,-481.476169518,-2928.33386527,5637.61318926
TX_10_70,-538.864696364,-3520.09599472,5282.82027207
TX_10_71,-429.64794264,-3219.70907386,5480.74056357
UT_10_01,-1505.53523927,-3665.22324635,4988.90200322
UT_10_02,-1639.15137819,-3842.32887371,4810.33601588
UT_10_03,-1526.63992401,-3916.47200624,4787.51068581
UT_10_04,-1376.90519298,-3774.46798031,4944.40740182
UT_10_05,-1572.89126386,-3871.60434651,4808.98470117
UT_10_06,-1549.70415464,-3851.59189836,4832.52500061
UT_10_07,-1515.78365732,-3815.12453896,4872.04943083
UT_10_08,-1538.68440568,-3538.48587428,5069.63598469
UT_10_09,-1567.63908731,-3898.96859632,4788.54806563
VA_10_01,913.292388355,-3793.71725821,5036.19373914
VA_10_02,784.976648526,-3839.27005519,5023.29156078
VA_10_03,772.100417708,-3759.05212403,5085.57067336
VA_10_04,721.415386275,-3803.13714347,5060.17279432
VA_10_05,892.535726301,-3898.48030758,4959.32175491
VA_10_06,722.980245258,-3863.32321083,5014.14741842
VA_10_07,577.204787221,-3774.2572915,5100.14289321
VA_10_08,512.161845238,-3797.26705554,5089.99942566
VA_10_09,728.317396318,-3784.45737722,5073.17229455
VA_10_10,855.650832302,-3839.10691079,5011.86200735
VA_10_11,845.084843995,-3797.44131695,5045.2861218
VA_10_12,831.216260711,-3777.40366566,5062.60230263
VA_10_13,824.234596536,-3939.36675407,4938.7921506
VA_10_14,825.389747661,-3883.08878387,4982.97042546
VA_10_15,839.664503988,-3741.39729468,5087.88274276
VA_10_16,879.718049457,-3897.38274885,4962.47366365
VA_10_17,632.624644466,-3792.48737181,5080.00655451
VA_10_18,846.243376372,-3788.34669303,5051.9246314
VA_10_19,680.071214123,-3751.04010195,5104.5903163
VA_10_20,865.800739993,-3712.97880319,5104.29412218
VA_10_21,890.062156792,-3754.94554699,5069.30116448
VA_10_22,860.152987148,-3924.10117569,4944.8162556
VA_10_23,798.049072684,-3911.33078451,4965.30464038
VA_10_24,863.552412268,-3889.25132123,4971.68405991
VA_10_25,674.641053104,-3808.87163733,5062.3114582
VA_10_26,765.319264342,-3892.50190891,4985.21376801
VA_10_27,859.555684891,-3864.55361855,4991.59597263
VA_10_28,892.462681527,-3892.85158977,4963.75441194
VA_10_29,900.933662109,-3697.43334474,5109.49568917
VA_10_30,904.731335676,-3730.47743365,5084.74584687
VA_10_31,896.069489574,-3737.51885781,5081.10748335
VA_10_32,905.543059337,-3713.73409139,5096.84332368
VA_10_33,841.621330408,-3788.83739794,5052.3287411
VA_10_34,918.391016378,-3700.51651483,5104.15286453
VT_10_01,1277.74373338,-4201.91014873,4615.29663769
VT_10_02,1363.66165623,-4258.72849396,4537.98407909
VT_10_03,1307.55469122,-4284.88544947,4529.86737272
VT_10_04,1314.10437617,-4184.73609007,4620.68767014
WA_10_01,-2186.95386084,-4110.23001134,4348.89446462
WA_10_02,-2235.457756,-4029.07899677,4399.87409581
WA_10_03,-2379.25620962,-4077.52153156,4278.15369624
WA_10_04,-2627.56206894,-3929.13144469,4271.70746472
WA_10_05,-2451.83001207,-3851.36879918,4443.54914056
WA_10_06,-2522.38606806,-3858.25436049,4397.84979433
WA_10_07,-2297.08229053,-4182.07608494,4221.76427223
WA_10_08,-2336.74509443,-4045.69845885,4331.46480347
WA_10_09,-2587.104544,-3894.87192329,4327.41305859
WA_10_10,-2515.60929112,-4049.26842782,4226.6743539
WA_10_11,-2474.37572772,-3991.74153388,4305.00932459
WA_10_12,-2541.10635477,-3960.34932003,4295.1196441
WA_10_13,-2420.30554367,-3909.81263969,4409.66293472
WA_10_14,-2476.14772005,-3948.54738623,4343.65134503
WA_10_15,-2489.34894988,-4031.04662995,4259.51239849
WA_10_16,-2166.09246925,-4178.04861563,4294.36772763
WA_10_17,-2522.12803503,-3909.27873546,4352.70616323
WA_10_18,-2520.08052168,-4079.7425767,4194.5840881
WA_10_19,-2360.34409536,-3969.15244701,4389.10533068
WI_10_01,11.2920813205,-4443.01785501,4566.08210931
WI_10_02,-90.6741077346,-4580.83045835,4426.89637534
WI_10_03,-113.920594669,-4510.01143537,4498.49529854
WI_10_04,155.76178139,-4459.0015039,4547.82199033
WI_10_05,-93.5649763659,-4432.86640052,4574.99530823
WI_10_06,123.834662024,-4413.30838253,4593.14871272
WI_10_07,26.5892602163,-4381.28747674,4625.28421369
WI_10_08,44.2946970385,-4350.28582473,4654.31973794
WI_10_09,96.5768164337,-4365.20384339,4639.53761966
WI_10_10,153.397851129,-4524.77645194,4482.46674937
WI_10_11,-169.088302944,-4500.79240809,4505.98688914
WI_10_12,54.0422175207,-4553.78722709,4455.30496477
WI_10_13,-20.7931737767,-4337.78876321,4666.13301243
WI_10_14,78.1171604856,-4456.07085015,4552.68835828
WI_10_15,148.151992656,-4307.62255712,4691.70330397
WI_10_16,175.753872565,-4443.54623974,4562.19775893
WI_10_17,-86.0965523949,-4417.41440112,4590.06300528
WI_10_18,19.3763060642,-4496.92125084,4512.9773789
WI_10_19,154.986607778,-4342.92880012,4658.81847559
WI_10_20,119.938671241,-4457.24233548,4550.63143728
WI_10_21,143.020929287,-4373.16989747,4630.82833429
WI_10_22,146.941971987,-4321.74308946,4678.73762094
WI_10_23,70.6060508898,-4317.36727434,4684.54860195
WI_10_24,158.275220704,-4400.60102711,4604.26981775
WI_10_25,110.48568434,-4316.38230039,4684.6854484
WI_10_26,129.070366434,-4344.62915256,4658.02311794
WI_10_27,104.963212057,-4430.07162664,4577.45443527
WV_10_01,719.817919476,-3937.23736648,4956.77970893
WV_10_02,811.055663774,-3961.24660029,4923.44951045
WV_10_03,556.274276394,-3900.9028679,5006.31169072
WV_10_04,622.562678643,-3960.16974927,4951.67772256
WV_10_05,667.433224149,-4045.8362056,4876.00074741
WV_10_06,534.557972368,-3923.58925084,4990.92538162
WV_10_07,591.117786515,-3910.46373677,4994.84675699
WV_10_08,674.341489486,-3982.23567313,4927.13949459
WV_10_09,600.871344228,-3856.85961704,5035.19895557
WV_10_10,652.472725285,-3876.56400558,5013.5986929
WV_10_11,554.719582029,-3849.64281575,5046.00608169
WV_10_12,717.423116822,-3990.72103801,4914.17242964
WV_10_13,601.489941316,-3980.24271613,4938.169577
WY_10_01,-1116.54462896,-4073.0699384,4770.01785829
WY_10_02,-1471.40679722,-4174.68853561,4582.20238179
WY_10_03,-1170.61726627,-4239.58108124,4609.2568242
WY_10_04,-1223.37069727,-4117.85930239,4704.91656704
WY_10_05,-1404.00207066,-4061.80795602,4703.20479184
