region,votes_R,votes_oth,votes_D
AK_10_01,129786,22947,92013
AL_10_01,69431,2750,17463
AL_10_02,24855,914,30231
AL_10_03,24735,562,37647
AL_10_04,54387,1234,7700
AL_10_05,38449,867,11952
AL_10_06,32803,1376,13197
AL_10_07,39214,823,15723
AL_10_08,48070,1045,17840
AL_10_09,38445,694,27593
AL_10_10,101924,3071,27681
AL_10_11,41959,973,4601
AL_10_12,59955,1605,18763
AL_10_13,38422,1104,7345
AL_10_14,32132,992,10350
AL_10_15,130614,7916,151581
AL_10_16,48124,1663,14827
AL_10_17,34321,2360,20987
AL_10_18,147240,9910,76688
AL_10_19,91087,3871,68429
AL_10_20,81408,3511,77895
AL_10_21,53155,2329,35718
AL_10_22,72846,3435,22927
AR_10_01,38230,2933,31708
AR_10_02,49477,3489,14686
AR_10_03,60751,7911,27894
AR_10_04,24065,1289,14928
AR_10_05,41177,3681,19761
AR_10_06,59788,5000,32206
AR_10_07,41759,2701,11365
AR_10_08,34189,2872,12401
AR_10_09,45424,4438,16660
AR_10_10,15993,1133,15229
AR_10_11,49072,4968,20163
AR_10_12,26191,1746,7230
AR_10_13,26189,1369,10909
AR_10_14,28147,2286,8669
AR_10_15,61182,8927,89377
AR_10_16,35852,3479,13247
AR_10_17,40418,6829,32296
AZ_10_01,23382,3000,27253
AZ_10_02,27592,3217,23060
AZ_10_03,16573,3048,25308
AZ_10_04,66014,5106,40127
AZ_10_05,54693,3035,16854
AZ_10_06,540943,55561,500424
AZ_10_07,137992,16237,182028
AZ_10_08,58573,4171,29492
AZ_10_09,20586,1837,18336
CA_10_01,59384,20448,300185
CA_10_02,36654,3975,24656
CA_10_03,35354,5307,31638
CA_10_04,18991,1805,10211
CA_10_05,76743,15182,201936
CA_10_06,25473,2642,13885
CA_10_07,37286,4540,28026
CA_10_08,79858,7933,82863
CA_10_09,10883,3157,19596
CA_10_10,5607,920,14331
CA_10_11,95064,8690,64980
CA_10_12,13158,1262,9077
CA_10_13,9323,2012,13145
CA_10_14,525308,113633,1601382
CA_10_15,19221,1759,13283
CA_10_16,13127,4036,64333
CA_10_17,18486,2181,21856
CA_10_18,23938,4543,54138
CA_10_19,9335,1745,20454
CA_10_20,15716,2517,16781
CA_10_21,356892,42589,395801
CA_10_22,55212,6030,43915
CA_10_23,219359,21355,228731
CA_10_24,114359,18927,186237
CA_10_25,188080,21178,220853
CA_10_26,269422,36743,390531
CA_10_27,26461,12912,228211
CA_10_28,56194,6533,71349
CA_10_29,39263,5786,46965
CA_10_30,37996,9155,152134
CA_10_31,38973,6827,72605
CA_10_32,91990,22510,312994
CA_10_33,14523,5221,60529
CA_10_34,35256,2938,15533
CA_10_35,38945,6555,73858
CA_10_36,37421,10612,116027
CA_10_37,52567,5844,51171
CA_10_38,19816,2016,12714
CA_10_39,33372,2782,23663
CA_10_40,97516,14143,136848
CA_10_41,13178,2985,34460
CO_10_01,29089,5611,27280
CO_10_02,81224,11620,60753
CO_10_03,589438,118153,761715
CO_10_04,20834,4717,32883
CO_10_05,186086,32036,109354
CO_10_06,24490,3365,18832
CO_10_07,73080,15556,82143
CO_10_08,71529,8054,33424
CT_10_01,128534,13361,184261
CT_10_02,146004,17264,229719
CT_10_03,53444,4218,39770
CT_10_04,38423,4216,44584
CT_10_05,157067,13632,201578
CT_10_06,54721,7023,62904
CT_10_07,33983,4630,38767
CT_10_08,25732,3192,21767
DC_10_01,11553,8496,260223
DE_10_01,36989,3917,33347
DE_10_02,85507,13056,162905
DE_10_03,62607,3878,39329
FL_10_01,46584,5873,75370
FL_10_02,44515,1695,12961
FL_10_03,103811,4886,31663
FL_10_04,60159,1960,19355
FL_10_05,181620,13192,119525
FL_10_06,258521,17360,546956
FL_10_07,52017,2086,34602
FL_10_08,60196,2706,33421
FL_10_09,54377,2448,22765
FL_10_10,74898,3697,27768
FL_10_11,105297,4267,60941
FL_10_12,60021,2356,30643
FL_10_13,210061,15046,203627
FL_10_14,88370,6125,57114
FL_10_15,176567,10372,130778
FL_10_16,32287,952,12044
FL_10_17,59029,3031,31818
FL_10_18,265928,22722,306422
FL_10_19,48564,2336,28997
FL_10_20,154610,6709,85228
FL_10_21,191141,9931,124725
FL_10_22,53777,6212,91936
FL_10_23,101681,5774,71066
FL_10_24,107710,4817,61958
FL_10_25,53182,2401,30158
FL_10_26,355551,23598,641955
FL_10_27,71788,5158,23711
FL_10_28,195091,21130,329579
FL_10_29,50252,4442,85287
FL_10_30,270762,15062,371411
FL_10_31,141943,8873,89998
FL_10_32,238746,19447,233327
FL_10_33,157216,9430,117182
FL_10_34,110506,5581,52957
FL_10_35,70248,3671,66812
FL_10_36,65126,3908,18398
FL_10_37,124098,6735,97676
FL_10_38,109265,9501,105611
GA_10_01,38387,800,12326
GA_10_02,42838,890,13001
GA_10_03,26552,1734,18594
GA_10_04,44735,1550,28605
GA_10_05,41335,1222,8828
GA_10_06,42859,1977,11049
GA_10_07,29879,1180,8204
GA_10_08,30481,736,13420
GA_10_09,22589,1355,34383
GA_10_10,35553,803,15971
GA_10_11,19261,1096,14897
GA_10_12,35646,1636,15963
GA_10_13,27754,676,25339
GA_10_14,42097,1604,18890
GA_10_15,37251,1558,19950
GA_10_16,29983,1339,12422
GA_10_17,51302,2072,11559
GA_10_18,43649,3366,58998
GA_10_19,27647,1862,40195
GA_10_20,80611,5011,25203
GA_10_21,11757,1942,27889
GA_10_22,35723,1021,26358
GA_10_23,11740,1588,75908
GA_10_24,152602,14406,159416
GA_10_25,27261,714,12613
GA_10_26,43060,2267,18863
GA_10_27,42513,2230,16572
GA_10_28,50757,1789,9943
GA_10_29,20868,773,26390
GA_10_30,24803,1591,30971
GA_10_31,37459,1703,15206
GA_10_32,57249,1655,10827
GA_10_33,35034,2098,23255
GA_10_34,44630,1631,13464
GA_10_35,69801,4086,23427
GA_10_36,157903,24135,521006
GA_10_37,146463,12405,165063
GA_10_38,51681,2299,16153
GA_10_39,24229,811,14140
GA_10_40,45641,2494,49902
GA_10_41,36333,1710,22501
GA_10_42,42005,1390,12481
GA_10_43,21308,891,14614
GA_10_44,34370,1864,45142
GA_10_45,44646,1951,18004
GA_10_46,24441,1804,48707
GA_10_47,21514,923,7925
HI_10_01,17500,6107,41258
HI_10_02,90296,19753,175634
HI_10_03,20297,6782,47748
IA_10_01,33646,2545,15404
IA_10_02,33853,3500,23836
IA_10_03,32448,3229,22831
IA_10_04,27382,3833,32006
IA_10_05,26569,5723,30602
IA_10_06,40397,4613,33533
IA_10_07,38757,2708,17168
IA_10_08,39671,3277,20423
IA_10_09,54185,4661,27211
IA_10_10,31791,3720,25720
IA_10_11,34623,3158,22450
IA_10_12,47025,2895,13120
IA_10_13,154314,22545,160947
IA_10_14,34652,2984,18921
IA_10_15,27065,2857,18913
IA_10_16,20993,4702,49942
IA_10_17,48183,8000,58481
IA_10_18,34286,2724,18980
IA_10_19,39083,5493,40302
ID_10_01,157124,36652,95847
ID_10_02,34234,4446,11467
ID_10_03,63469,9758,28506
ID_10_04,63292,20819,20045
ID_10_05,26727,4676,12914
ID_10_06,26699,8583,8930
ID_10_07,27012,5179,7880
IL_10_01,36831,2356,12602
IL_10_02,47525,2320,14948
IL_10_03,46870,3252,14380
IL_10_04,40417,4233,24692
IL_10_05,42030,3118,17984
IL_10_06,31735,3828,23393
IL_10_07,33235,6267,49694
IL_10_08,46276,3690,17386
IL_10_09,37964,1974,9695
IL_10_10,28514,2414,12037
IL_10_11,439513,86327,1527618
IL_10_12,19051,3206,20348
IL_10_13,164355,26075,222499
IL_10_14,42981,3339,17787
IL_10_15,52309,4559,27302
IL_10_16,46166,4830,29170
IL_10_17,37569,4724,31413
IL_10_18,51530,3342,19028
IL_10_19,82087,12024,99389
IL_10_20,25081,2567,18908
IL_10_21,108608,16780,168186
IL_10_22,26269,2901,19277
IL_10_23,71117,9201,59827
IL_10_24,37081,5996,35918
IL_10_25,26782,2290,18211
IL_10_26,70295,7271,50336
IL_10_27,25189,2578,15556
IL_10_28,35299,4730,37436
IL_10_29,26969,3744,32258
IL_10_30,53479,5542,60180
IL_10_31,49823,5918,40731
IL_10_32,38620,4159,20568
IL_10_33,129726,15054,146230
IL_10_34,66183,7901,61547
IN_10_01,42647,2752,12272
IN_10_02,83801,6764,55222
IN_10_03,33494,2743,13684
IN_10_04,35246,2421,11495
IN_10_05,30456,2157,10702
IN_10_06,106953,11343,67395
IN_10_07,39323,2534,11911
IN_10_08,38961,2878,16560
IN_10_09,24110,1813,14028
IN_10_10,32597,1847,10256
IN_10_11,42981,3267,17704
IN_10_12,48500,2777,13814
IN_10_13,41257,2052,10937
IN_10_14,31322,1957,11452
IN_10_15,41404,2718,13666
IN_10_16,24217,2382,18100
IN_10_17,41810,2710,20667
IN_10_18,30604,2187,12814
IN_10_19,42624,3109,21351
IN_10_20,29687,1964,10508
IN_10_21,38605,2603,16321
IN_10_22,36803,2478,12813
IN_10_23,37768,3046,13148
IN_10_24,48326,4337,22595
IN_10_25,45456,3455,17318
IN_10_26,36195,2611,11109
IN_10_27,75565,7786,116896
IN_10_28,22619,2516,19725
IN_10_29,32376,2689,18595
IN_10_30,129028,17933,209920
IN_10_31,20527,2913,34183
IN_10_32,38719,4242,33531
IN_10_33,52019,5186,52247
IN_10_34,30711,3998,27207
IN_10_35,40422,3239,28296
IN_10_36,21924,1723,15922
KS_10_01,30516,2774,10868
KS_10_02,29077,3432,15077
KS_10_03,63438,5372,19799
KS_10_04,32449,2756,13278
KS_10_05,39802,2435,7393
KS_10_06,26491,1902,8719
KS_10_07,45186,4198,13399
KS_10_08,14308,3834,30089
KS_10_09,21384,2927,13652
KS_10_10,128603,15527,78211
KS_10_11,133022,19303,125214
KS_10_12,26159,2778,10521
KS_10_13,49080,6265,37916
KS_10_14,15520,2601,29346
KY_10_01,37985,1443,7574
KY_10_02,54456,2480,15756
KY_10_03,35498,3222,20704
KY_10_04,64595,3931,23334
KY_10_05,39388,1929,14550
KY_10_06,38090,1246,6920
KY_10_07,39082,3462,15026
KY_10_08,38723,3044,18028
KY_10_09,39540,2130,14228
KY_10_10,36756,2925,13743
KY_10_11,33243,1201,8313
KY_10_12,74786,5713,29427
KY_10_13,36037,1727,10346
KY_10_14,45698,3896,20729
KY_10_15,25437,1264,10862
KY_10_16,36951,1237,5589
KY_10_17,31695,2972,15407
KY_10_18,31180,2485,14173
KY_10_19,56890,9573,69776
KY_10_20,47103,1652,11077
KY_10_21,77697,5194,32700
KY_10_22,32580,1759,12346
KY_10_23,143758,18352,190824
KY_10_24,42958,4776,24213
KY_10_25,34282,1216,6303
KY_10_26,28673,2797,16966
LA_10_01,40966,1290,10383
LA_10_02,87318,4552,34195
LA_10_03,36135,2057,16471
LA_10_04,38672,1522,12354
LA_10_05,37962,1044,13055
LA_10_06,45402,2114,28895
LA_10_07,46989,2072,18897
LA_10_08,48977,3312,53448
LA_10_09,44401,1170,23062
LA_10_10,84620,9001,102711
LA_10_11,29994,1408,24952
LA_10_12,32323,1110,21416
LA_10_13,52128,1932,27014
LA_10_14,117424,8499,81844
LA_10_15,68191,4682,32726
LA_10_16,51294,2067,10303
LA_10_17,24267,7519,133833
LA_10_18,41712,1855,24420
LA_10_19,50285,2203,20983
LA_10_20,29645,1736,27634
LA_10_21,90914,5759,27716
LA_10_22,46485,1959,22559
LA_10_23,31900,1329,10664
MA_10_01,58208,8183,84114
MA_10_02,16799,4168,43540
MA_10_03,110098,20561,188919
MA_10_04,50042,12263,241212
MA_10_05,847374,138444,1406648
MD_10_01,30214,1578,8917
MD_10_02,114509,12356,116074
MD_10_03,131009,14571,189437
MD_10_04,51569,4590,32455
MD_10_05,47844,3201,28801
MD_10_06,55593,4972,24314
MD_10_07,27579,2079,12651
MD_10_08,24163,2254,46063
MD_10_09,56472,6599,51891
MD_10_10,74261,6160,43803
MD_10_11,44792,7801,93808
MD_10_12,82985,15554,309761
MD_10_13,29290,8174,313627
MD_10_14,41798,2669,28594
MD_10_15,38842,2696,19193
MD_10_16,22726,7692,178562
ME_10_01,25786,3888,21640
ME_10_02,27710,3272,19410
ME_10_03,116522,19857,167842
ME_10_04,43570,6561,30761
ME_10_05,42762,6877,49157
ME_10_06,31753,4950,29296
ME_10_07,39853,5545,31665
MI_10_01,45418,3436,21307
MI_10_02,37573,3275,21146
MI_10_03,33812,3409,17932
MI_10_04,49359,4223,24837
MI_10_05,36140,2867,17693
MI_10_06,44427,5012,33767
MI_10_07,50686,5102,33263
MI_10_08,52204,5811,37296
MI_10_09,46532,5050,36641
MI_10_10,38646,3740,29496
MI_10_11,25911,2075,12269
MI_10_12,32131,3826,20528
MI_10_13,30723,3129,21319
MI_10_14,49243,5983,41024
MI_10_15,133443,13837,128025
MI_10_16,40522,3704,21549
MI_10_17,41496,2807,16945
MI_10_18,44346,7797,80015
MI_10_19,50922,5132,24612
MI_10_20,39793,3979,25795
MI_10_21,51031,7793,67142
MI_10_22,147959,19744,138567
MI_10_23,34066,3023,17405
MI_10_24,65665,5534,34378
MI_10_25,224589,17946,176238
MI_10_26,43255,3987,26859
MI_10_27,35962,4512,36640
MI_10_28,289127,31152,342976
MI_10_29,90456,8673,46276
MI_10_30,45469,4334,44395
MI_10_31,49067,4374,24553
MI_10_32,50335,8841,128025
MI_10_33,228313,28648,517022
MN_10_01,88866,14696,90622
MN_10_02,93341,15244,75499
MN_10_03,34388,4059,19911
MN_10_04,43921,4989,18939
MN_10_05,51310,5444,25016
MN_10_06,30070,5527,25152
MN_10_07,32425,4019,15138
MN_10_08,53840,6298,25553
MN_10_09,39357,5589,25519
MN_10_10,36479,3886,16398
MN_10_11,48521,4318,19083
MN_10_12,97921,18504,107666
MN_10_13,35359,4934,22826
MN_10_14,31004,4860,23253
MN_10_15,38651,5464,28506
MN_10_16,191767,51589,429274
MN_10_17,43127,5188,19509
MN_10_18,35668,7343,36266
MN_10_19,70656,21441,176599
MN_10_20,69011,10477,50016
MN_10_21,47618,5792,25575
MN_10_22,64429,11328,67086
MN_10_23,43274,5544,20336
MO_10_01,41127,2334,13358
MO_10_02,31520,2894,14879
MO_10_03,36935,2085,9898
MO_10_04,45599,2899,14967
MO_10_05,49415,2067,11292
MO_10_06,43344,2214,10338
MO_10_07,39006,3297,16433
MO_10_08,39915,2010,9484
MO_10_09,44934,2107,12747
MO_10_10,36146,6094,41072
MO_10_11,34807,1407,7726
MO_10_12,42071,3704,16468
MO_10_13,48851,3293,18130
MO_10_14,42633,2079,11142
MO_10_15,41626,2887,14236
MO_10_16,121157,10458,54078
MO_10_17,82303,9478,64097
MO_10_18,35251,2012,9876
MO_10_19,45225,1821,9123
MO_10_20,31937,887,9570
MO_10_21,35420,2286,12339
MO_10_22,114777,15563,163723
MO_10_23,55604,3528,15553
MO_10_24,68973,5450,31546
MO_10_25,36916,2032,12236
MO_10_26,120899,10389,68225
MO_10_27,199081,23546,280866
MO_10_28,20281,5635,101487
MS_10_01,40427,960,36638
MS_10_02,42192,1049,17064
MS_10_03,23610,648,25727
MS_10_04,13192,473,28780
MS_10_05,37427,1342,20008
MS_10_06,37692,1506,35393
MS_10_07,28591,668,16015
MS_10_08,21125,652,25249
MS_10_09,38227,721,19167
MS_10_10,42155,1975,19892
MS_10_11,45017,1749,21027
MS_10_12,42712,1245,8652
MS_10_13,39710,1687,20679
MS_10_14,31204,1174,13087
MS_10_15,29817,549,19038
MS_10_16,40298,1134,13727
MS_10_17,68802,3385,103071
MS_10_18,52877,1589,17381
MT_10_01,39801,5972,30017
MT_10_02,69675,7694,31277
MT_10_03,35709,4256,18846
MT_10_04,31269,5121,24410
MT_10_05,38397,3768,18349
MT_10_06,45732,6514,38150
NC_10_01,38235,1761,29268
NC_10_02,40325,1280,12153
NC_10_03,50897,1490,15334
NC_10_04,70745,3409,39836
NC_10_05,41692,2188,23865
NC_10_06,44931,1427,20932
NC_10_07,25436,1012,23881
NC_10_08,42982,1298,34389
NC_10_09,42440,1698,23117
NC_10_10,55339,4231,74937
NC_10_11,40258,1362,15575
NC_10_12,75012,3385,42056
NC_10_13,31656,1474,20227
NC_10_14,30374,1216,25148
NC_10_15,48062,1953,21050
NC_10_16,30637,1786,31333
NC_10_17,85479,2696,35898
NC_10_18,27556,1194,17481
NC_10_19,50593,3286,70523
NC_10_20,52870,1815,17328
NC_10_21,83481,3137,32809
NC_10_22,26912,645,18682
NC_10_23,27879,3881,118783
NC_10_24,31361,1019,39176
NC_10_25,74793,5228,92488
NC_10_26,42517,1724,60288
NC_10_27,61467,2423,30982
NC_10_28,69243,3214,33826
NC_10_29,21768,741,23097
NC_10_30,97461,6677,147949
NC_10_31,27278,1225,16452
NC_10_32,45976,2090,26184
NC_10_33,24087,1139,25177
NC_10_34,54082,2318,28153
NC_10_35,52637,2317,30949
NC_10_36,154303,15273,292258
NC_10_37,37343,1596,20256
NC_10_38,71982,4522,59305
NC_10_39,18373,2352,59105
NC_10_40,35191,2106,40967
NC_10_41,49156,1385,13074
NC_10_42,43439,1415,18702
NC_10_43,42388,1482,19208
NC_10_44,193607,18980,298353
NC_10_45,27360,944,21520
ND_10_01,65775,6082,16117
ND_10_02,34806,4559,16083
ND_10_03,48558,4952,14681
ND_10_04,39738,7778,31291
ND_10_05,27256,3938,15354
NE_10_01,38029,2846,10676
NE_10_02,56977,3784,16132
NE_10_03,36448,2124,7582
NE_10_04,38004,2411,7983
NE_10_05,33332,2126,9941
NE_10_06,42789,3516,15073
NE_10_07,32984,2739,13027
NE_10_08,102151,12173,105207
NE_10_09,60456,8814,60533
NE_10_10,44649,5428,27704
NH_10_01,290746,30631,279476
NH_10_02,27672,3303,32274
NH_10_03,26961,3333,35066
NJ_10_01,75978,4875,72801
NJ_10_02,163220,11494,209251
NJ_10_03,79085,7047,107485
NJ_10_04,59716,5887,117308
NJ_10_05,39584,2881,37817
NJ_10_06,62059,6718,231031
NJ_10_07,66949,5084,66355
NJ_10_08,44911,5746,148009
NJ_10_09,38565,3220,28797
NJ_10_10,42604,5007,93721
NJ_10_11,108981,8800,164887
NJ_10_12,151184,9344,121004
NJ_10_13,116672,8182,102343
NJ_10_14,170103,7644,81845
NJ_10_15,71488,5003,112608
NJ_10_16,64640,5770,83839
NJ_10_17,46216,3195,23771
NJ_10_18,62437,5886,132590
NJ_10_19,26217,1835,14730
NM_10_01,107049,39694,152770
NM_10_02,20373,4488,17272
NM_10_03,30514,4538,13892
NM_10_04,35951,9291,29709
NM_10_05,18935,3189,8983
NM_10_06,25095,7237,37543
NM_10_07,25430,2736,8885
NM_10_08,12582,6854,34309
NM_10_09,25748,7993,27405
NM_10_10,14198,6222,49956
NV_10_01,49067,5321,14692
NV_10_02,319571,44782,401068
NV_10_03,48152,6094,24961
NV_10_04,94529,17721,97032
NY_10_01,44227,6642,74775
NY_10_02,30380,2502,13190
NY_10_03,34424,6030,318403
NY_10_04,72641,7631,53832
NY_10_05,29042,2659,17176
NY_10_06,49295,4305,26370
NY_10_07,29887,3931,27475
NY_10_08,24302,2329,19493
NY_10_09,24108,3184,18524
NY_10_10,58163,5162,56874
NY_10_11,173817,17366,192065
NY_10_12,23027,1968,11731
NY_10_13,26388,2344,11059
NY_10_14,84611,8123,51100
NY_10_15,26863,2595,15117
NY_10_16,133653,17556,595086
NY_10_17,28996,2485,14063
NY_10_18,128871,17230,174063
NY_10_19,275479,16844,307326
NY_10_20,58935,16952,515481
NY_10_21,49223,3889,32888
NY_10_22,94471,12498,115117
NY_10_23,29417,3643,23259
NY_10_24,72129,5587,63037
NY_10_25,25870,2638,15614
NY_10_26,146884,12775,263033
NY_10_27,138550,15082,473389
NY_10_28,31933,4019,30039
NY_10_29,95612,4036,67561
NY_10_30,57148,3341,63454
NY_10_31,18450,2045,14659
NY_10_32,51088,6455,46546
NY_10_33,27268,3491,30870
NY_10_34,27612,3031,17071
NY_10_35,328403,20364,276953
NY_10_36,47432,5043,50867
NY_10_37,9647,2545,25555
NY_10_38,27054,3311,19604
OH_10_01,34916,1623,9672
OH_10_02,29858,1963,12815
OH_10_03,33099,2568,12739
OH_10_04,22755,1863,15191
OH_10_05,27252,2414,20273
OH_10_06,45658,2274,9827
OH_10_07,41397,2351,18135
OH_10_08,104441,7281,56700
OH_10_09,36441,2282,11895
OH_10_10,34311,2643,22666
OH_10_11,80217,5011,30366
OH_10_12,31086,1902,12273
OH_10_13,30123,1857,9960
OH_10_14,35170,3170,14239
OH_10_15,179894,19362,383974
OH_10_16,53222,2502,12861
OH_10_17,38679,3240,15327
OH_10_18,55660,4857,39584
OH_10_19,35346,3450,25425
OH_10_20,43163,3229,24150
OH_10_21,25596,1599,12577
OH_10_22,192328,26422,335961
OH_10_23,131644,16842,147920
OH_10_24,47506,4104,28023
OH_10_25,169972,17441,207587
OH_10_26,38481,2829,12293
OH_10_27,31126,2360,13558
OH_10_28,29368,1660,11630
OH_10_29,46848,3336,19418
OH_10_30,92204,7101,62221
OH_10_31,37982,1895,15690
OH_10_32,49346,3693,26360
OH_10_33,65346,6350,64958
OH_10_34,45402,3182,18517
OH_10_35,100960,7622,98318
OH_10_36,53811,3967,31582
OH_10_37,36311,2324,12832
OH_10_38,33438,2005,12400
OH_10_39,120766,11133,117661
OH_10_40,33566,2300,14998
OH_10_41,38978,3527,31463
OH_10_42,35805,2305,15629
OH_10_43,105412,8558,69705
OH_10_44,109531,10484,129922
OH_10_45,75947,5271,33036
OH_10_46,31622,2258,14670
OK_10_01,25633,1869,9890
OK_10_02,36452,1891,5308
OK_10_03,30260,1767,6585
OK_10_04,39969,3615,11666
OK_10_05,63199,3465,17184
OK_10_06,49302,2303,12239
OK_10_07,62469,8067,38790
OK_10_08,45695,3297,18387
OK_10_09,121889,7979,40380
OK_10_10,31873,2458,9026
OK_10_11,72721,5303,19438
OK_10_12,141429,19519,112661
OK_10_13,227043,21801,118234
OR_10_01,34138,3534,13565
OR_10_02,45713,8701,45887
OR_10_03,79062,12887,90187
OR_10_04,37148,6524,36859
OR_10_05,51438,5688,27831
OR_10_06,30495,3735,18788
OR_10_07,26251,3126,25182
OR_10_08,34112,3347,13891
OR_10_09,33216,3035,10603
OR_10_10,53083,7156,43550
OR_10_11,66218,14357,100497
OR_10_12,54336,7665,48803
OR_10_13,63055,22953,271754
OR_10_14,40922,6848,34376
OR_10_15,75903,18313,137818
PA_10_01,80803,4281,31399
PA_10_02,257488,22668,363017
PA_10_03,47596,2261,18317
PA_10_04,71404,4029,44158
PA_10_05,52478,1615,11884
PA_10_06,93094,7671,75169
PA_10_07,51593,2352,17580
PA_10_08,33203,2037,10661
PA_10_09,163873,12838,165861
PA_10_10,61388,3805,26834
PA_10_11,40510,1859,17798
PA_10_12,52514,2497,16908
PA_10_13,160383,12204,151940
PA_10_14,35099,3740,36555
PA_10_15,115582,10867,140188
PA_10_16,44012,2306,14208
PA_10_17,45176,2498,17459
PA_10_18,35944,2200,15043
PA_10_19,81262,6047,48912
PA_10_20,60620,5253,64287
PA_10_21,106559,9104,169169
PA_10_22,57168,5252,54820
PA_10_23,34388,1212,17826
PA_10_24,44599,2273,15502
PA_10_25,56477,3515,55166
PA_10_26,137145,11940,90066
PA_10_27,38804,2242,17860
PA_10_28,94895,5007,59956
PA_10_29,30034,1929,17631
PA_10_30,31706,2308,31930
PA_10_31,160803,15623,251063
PA_10_32,29692,1779,12035
PA_10_33,105418,14267,560542
PA_10_34,44599,2322,20710
PA_10_35,43937,2089,16724
PA_10_36,69335,3972,38593
PA_10_37,116427,5807,59506
PA_10_38,126933,8792,67428
RI_10_01,20838,2971,31058
RI_10_02,36147,3859,34585
RI_10_03,84939,9652,131372
RI_10_04,23886,3269,28430
SC_10_01,26274,1441,16824
SC_10_02,52823,3677,29917
SC_10_03,32348,1713,50040
SC_10_04,56109,3147,21040
SC_10_05,45164,3491,35520
SC_10_06,146502,18716,137010
SC_10_07,39506,1722,23610
SC_10_08,37431,1996,26771
SC_10_09,33631,1954,46778
SC_10_10,44471,2439,40496
SC_10_11,28405,1439,27588
SC_10_12,62050,8301,91213
SC_10_13,142365,13498,82183
SC_10_14,83819,3953,36731
SC_10_15,85391,7045,37952
SC_10_16,60192,3903,18306
SC_10_17,76101,4804,39888
SC_10_18,66245,5950,41230
SD_10_01,37367,3651,17270
SD_10_02,22837,2064,13216
SD_10_03,37845,3487,16858
SD_10_04,54328,6621,21692
SD_10_05,75324,9081,48406
TN_10_01,129949,12363,72881
TN_10_02,43403,2109,16258
TN_10_03,38038,1475,12460
TN_10_04,31348,1236,8572
TN_10_05,37385,2379,12085
TN_10_06,49531,2246,11829
TN_10_07,31764,1074,6388
TN_10_08,32549,1368,9929
TN_10_09,46501,1793,9912
TN_10_10,49586,2608,17052
TN_10_11,25148,1126,16340
TN_10_12,32424,1542,11162
TN_10_13,32248,1215,7209
TN_10_14,38635,1660,12159
TN_10_15,38813,1166,12374
TN_10_16,35919,1200,8683
TN_10_17,84365,13361,148473
TN_10_18,33311,1216,12620
TN_10_19,34823,1233,15300
TN_10_20,31163,973,7940
TN_10_21,78661,7167,55260
TN_10_22,62188,2954,15412
TN_10_23,43370,2021,9783
TN_10_24,46812,2189,12933
TN_10_25,36184,3469,22908
TN_10_26,64428,5463,36627
TN_10_27,114948,10273,206640
TN_10_28,50105,2822,18153
TN_10_29,34179,2229,13003
TN_10_30,68160,5548,30992
TN_10_31,39304,2626,14356
TX_10_01,36739,996,9007
TX_10_02,21249,1229,10813
TX_10_03,36417,1523,14360
TX_10_04,27307,1316,14760
TX_10_05,52411,1471,7858
TX_10_06,48711,1501,8375
TX_10_07,30043,1259,12386
TX_10_08,44781,1520,17635
TX_10_09,27191,1118,7257
TX_10_10,36474,2319,18717
TX_10_11,51780,4611,37608
TX_10_12,240161,26686,319191
TX_10_13,47978,2012,11828
TX_10_14,26090,854,5919
TX_10_15,43564,1308,12701
TX_10_16,34095,900,11081
TX_10_17,72653,4568,43075
TX_10_18,38662,4333,23041
TX_10_19,12013,827,16853
TX_10_20,57930,1652,9335
TX_10_21,44070,1356,13101
TX_10_22,48491,2249,13160
TX_10_23,25891,1137,10961
TX_10_24,29432,3053,59319
TX_10_25,41237,975,7295
TX_10_26,32134,892,7790
TX_10_27,36016,856,9236
TX_10_28,200395,16313,139837
TX_10_29,44996,2405,14166
TX_10_30,51870,2001,13846
TX_10_31,261865,29939,458845
TX_10_32,44441,1231,12263
TX_10_33,169175,14112,110000
TX_10_34,41263,1215,11709
TX_10_35,19095,1604,28132
TX_10_36,8896,472,16499
TX_10_37,24976,1172,10225
TX_10_38,44807,2060,16197
TX_10_39,54567,10382,145509
TX_10_40,44000,1581,8400
TX_10_41,117212,8680,134475
TX_10_42,73566,4925,45503
TX_10_43,28693,1049,11623
TX_10_44,36495,2417,18308
TX_10_45,44985,1049,8495
TX_10_46,544960,51456,706471
TX_10_47,34878,946,10664
TX_10_48,33730,4677,33117
TX_10_49,48608,5643,118739
TX_10_50,58457,1885,18374
TX_10_51,52262,2518,15934
TX_10_52,33923,603,8081
TX_10_53,42828,2131,42404
TX_10_54,44370,1924,10976
TX_10_55,29537,1177,10265
TX_10_56,65566,4538,27956
TX_10_57,48245,2964,27046
TX_10_58,36896,1864,9993
TX_10_59,150188,7151,45744
TX_10_60,50704,4152,49102
TX_10_61,46433,1651,8329
TX_10_62,19499,1211,7620
TX_10_63,43379,2094,8340
TX_10_64,58631,2402,22128
TX_10_65,345683,29148,288001
TX_10_66,33172,2047,10047
TX_10_67,27376,1611,9117
TX_10_68,126750,29286,306475
TX_10_69,8471,1027,27404
TX_10_70,27609,1552,8752
TX_10_71,104029,12243,84252
UT_10_01,23561,6232,3876
UT_10_02,20017,9607,5829
UT_10_03,18584,10953,13727
UT_10_04,27939,7054,7141
UT_10_05,39047,28370,19458
UT_10_06,82590,57489,117667
UT_10_07,84863,56980,22934
UT_10_08,33472,6977,8369
UT_10_09,30561,15873,18819
VA_10_01,51407,3163,33815
VA_10_02,49801,7572,69721
VA_10_03,46887,2231,37041
VA_10_04,45935,2627,16742
VA_10_05,20155,7310,91879
VA_10_06,47454,4741,23886
VA_10_07,64074,2765,17835
VA_10_08,65668,1918,14546
VA_10_09,37421,3762,21384
VA_10_10,48223,4405,33706
VA_10_11,75302,5889,36842
VA_10_12,84938,9357,80993
VA_10_13,35512,3198,20128
VA_10_14,52912,4232,30602
VA_10_15,33987,2222,40308
VA_10_16,162855,31866,367658
VA_10_17,43625,5025,31357
VA_10_18,59674,8650,93615
VA_10_19,52858,2338,33744
VA_10_20,35633,2893,36796
VA_10_21,47116,5452,38888
VA_10_22,69633,10723,99909
VA_10_23,33664,2177,12948
VA_10_24,61731,8841,94706
VA_10_25,94417,7726,59768
VA_10_26,31501,3267,19461
VA_10_27,37571,4345,34569
VA_10_28,13241,3996,57147
VA_10_29,53988,5285,52554
VA_10_30,17802,2657,41030
VA_10_31,23650,3785,40997
VA_10_32,32648,5633,79891
VA_10_33,14254,5830,74640
VA_10_34,84389,10743,76744
VT_10_01,23687,3519,34381
VT_10_02,23759,4708,38418
VT_10_03,28523,5966,65876
VT_10_04,19058,3977,39400
WA_10_01,15477,1751,8316
WA_10_02,39691,3961,23874
WA_10_03,12167,1042,8283
WA_10_04,17031,2569,23136
WA_10_05,67218,9200,71663
WA_10_06,18466,2068,15140
WA_10_07,18079,1730,8676
WA_10_08,22083,2122,11245
WA_10_09,20471,2814,18280
WA_10_10,30571,4840,39425
WA_10_11,132243,29997,459920
WA_10_12,32563,6430,44680
WA_10_13,14494,1307,8477
WA_10_14,83219,12858,100162
WA_10_15,72210,12158,108205
WA_10_16,71411,9904,62946
WA_10_17,32167,6339,47784
WA_10_18,30574,5028,44711
WA_10_19,20584,1605,13849
WI_10_01,51798,5062,40349
WI_10_02,50456,4153,38021
WI_10_03,77317,8167,58820
WI_10_04,67192,6947,53358
WI_10_05,52094,5324,38546
WI_10_06,46389,4109,27025
WI_10_07,30031,3529,29575
WI_10_08,71270,15953,217506
WI_10_09,50052,4563,30527
WI_10_10,36731,2400,20821
WI_10_11,37610,4717,26521
WI_10_12,37469,2899,23085
WI_10_13,33847,3980,32702
WI_10_14,47615,3269,24672
WI_10_15,36025,4030,35770
WI_10_16,29850,2697,18186
WI_10_17,26384,3999,32402
WI_10_18,39010,3363,26476
WI_10_19,126091,19893,288986
WI_10_20,51579,5466,38117
WI_10_21,82187,6406,41021
WI_10_22,46620,4552,42506
WI_10_23,31483,4224,39336
WI_10_24,32368,3286,22636
WI_10_25,28848,3016,18706
WI_10_26,145519,11551,79199
WI_10_27,43447,5391,37054
WV_10_01,38135,2142,10271
WV_10_02,62675,4796,26908
WV_10_03,29195,1888,9002
WV_10_04,30963,1946,8774
WV_10_05,36086,2856,14142
WV_10_06,38322,2865,16709
WV_10_07,45753,3650,28551
WV_10_08,40327,3331,16444
WV_10_09,49460,2660,15297
WV_10_10,29207,1936,9317
WV_10_11,28883,952,5937
WV_10_12,27779,3535,17030
WV_10_13,29413,2053,9330
WY_10_01,32445,5460,18460
WY_10_02,36147,3854,14473
WY_10_03,37382,2370,4817
WY_10_04,33452,3273,8520
WY_10_05,34822,3588,9679
